-- phpMyAdmin SQL Dump
-- version 4.5.1
-- http://www.phpmyadmin.net
--
-- Servidor: 127.0.0.1
-- Tiempo de generación: 27-09-2016 a las 00:08:08
-- Versión del servidor: 10.1.13-MariaDB
-- Versión de PHP: 5.6.21

SET SQL_MODE = "NO_AUTO_VALUE_ON_ZERO";
SET time_zone = "+00:00";


/*!40101 SET @OLD_CHARACTER_SET_CLIENT=@@CHARACTER_SET_CLIENT */;
/*!40101 SET @OLD_CHARACTER_SET_RESULTS=@@CHARACTER_SET_RESULTS */;
/*!40101 SET @OLD_COLLATION_CONNECTION=@@COLLATION_CONNECTION */;
/*!40101 SET NAMES utf8mb4 */;

--
-- Base de datos: `bamf`
--

-- --------------------------------------------------------

--
-- Estructura de tabla para la tabla `actividadproyecto`
--

CREATE TABLE `actividadproyecto` (
  `idActividadProyecto` int(50) UNSIGNED NOT NULL,
  `actividadProyecto` varchar(255) COLLATE latin1_spanish_ci NOT NULL
) ENGINE=InnoDB DEFAULT CHARSET=latin1 COLLATE=latin1_spanish_ci;

--
-- Volcado de datos para la tabla `actividadproyecto`
--

INSERT INTO `actividadproyecto` (`idActividadProyecto`, `actividadProyecto`) VALUES
(4, 'Ajustes'),
(32, 'Aplicacion de artes en plano'),
(7, 'Brief'),
(3, 'Cambio de Informacion'),
(2, 'Desarrollo de arquitectura y contenidos'),
(14, 'Desarrollo de materiales'),
(30, 'Desarrollo y Revision '),
(6, 'Diseno antifaz'),
(17, 'Diseno de empaque'),
(12, 'Diseno de infografia'),
(24, 'Diseno de lona nuevos productos 2016'),
(15, 'Diseno de poster'),
(5, 'Diseno de Poster y Antifaz'),
(13, 'Diseno POP'),
(25, 'Envio de informacion'),
(9, 'integracion de contenidos'),
(20, 'junta'),
(22, 'Mantenimiento'),
(21, 'OUT'),
(23, 'Presentacion '),
(18, 'Presentaciones'),
(27, 'programacion'),
(1, 'Propuesta'),
(19, 'Propuesta de identidad corporativa'),
(16, 'Propuesta de pagina web'),
(33, 'Retoque de fotos'),
(31, 'RRSS'),
(28, 'toma de fotos y medidas '),
(29, 'Toolkit'),
(26, 'Video');

-- --------------------------------------------------------

--
-- Estructura de tabla para la tabla `disenador`
--

CREATE TABLE `disenador` (
  `idDisenador` int(30) UNSIGNED NOT NULL,
  `correoElectronico` varchar(255) COLLATE latin1_spanish_ci NOT NULL,
  `color` varchar(255) CHARACTER SET utf8 COLLATE utf8_bin NOT NULL COMMENT 'color en hexadecimal del usuario',
  `tipoDisenador` tinyint(1) NOT NULL DEFAULT '0' COMMENT '0 diseñaodr jr. 1 diseñador sr.',
  `fechaIngreso` timestamp NOT NULL DEFAULT CURRENT_TIMESTAMP COMMENT 'fecha en la que ingreso al sistema.',
  `celula` tinyint(1) NOT NULL DEFAULT '0' COMMENT '0 consumo, 1 coorporativo',
  `status` smallint(30) UNSIGNED NOT NULL DEFAULT '1' COMMENT '0 suspendido, 1 activo, 2 NO activo',
  `costoHora` float UNSIGNED DEFAULT NULL
) ENGINE=InnoDB DEFAULT CHARSET=latin1 COLLATE=latin1_spanish_ci;

--
-- Volcado de datos para la tabla `disenador`
--

INSERT INTO `disenador` (`idDisenador`, `correoElectronico`, `color`, `tipoDisenador`, `fechaIngreso`, `celula`, `status`, `costoHora`) VALUES
(1, 'a.chicurel@bamf.com.mx', 'FF8C00', 0, '2015-06-10 00:00:00', 0, 1, 70),
(2, 'c.carrillo@bamf.com.mx', '000000', 0, '2015-04-15 00:00:00', 0, 0, 80),
(4, 'd.alvarez@bamf.com.mx', '808000', 0, '2015-06-16 00:00:00', 1, 1, 72),
(5, 'j.galvan@bamf.com.mx', '556B2F', 0, '2015-07-21 13:27:09', 0, 1, 200),
(6, 'k.garcia@bamf.com.mx', '00CED1', 0, '2015-07-21 13:27:09', 1, 1, 105),
(7, 'm.gamez@bamf.com.mx', '808080', 0, '2015-03-16 00:00:00', 0, 1, 130),
(8, 'p.esparza@bamf.com.mx', 'D2691E', 0, '2014-10-15 00:00:00', 1, 1, 95),
(9, 'v.salazar@bamf.com.mx', '483D8B', 0, '2015-07-21 13:28:52', 0, 1, 85),
(11, 's.malvaez@bamf.com.mx', '0000CD', 0, '2015-07-21 13:29:13', 1, 0, 0),
(12, 'r.cuello@bamf.com.mx', '45a203', 0, '2016-02-03 18:16:31', 0, 0, 0),
(13, 'c.muniain@bamf.com.mx', '53d46c', 0, '2016-02-08 17:02:48', 1, 1, 20),
(14, 'r.rodriguez@bamf.com.mx', 'D8BFD8', 0, '2016-02-22 22:31:51', 0, 1, NULL),
(15, 'v.fleitas@bamf.com.mx', '9c28e9', 0, '2016-03-31 18:21:12', 0, 1, NULL),
(16, 'j.haro@bamf.com.mx', '73b1b1', 0, '2016-03-31 18:21:59', 0, 1, NULL);

-- --------------------------------------------------------

--
-- Estructura de tabla para la tabla `etapa`
--

CREATE TABLE `etapa` (
  `idEtapa` int(11) UNSIGNED NOT NULL,
  `etapa` varchar(220) COLLATE latin1_spanish_ci NOT NULL
) ENGINE=InnoDB DEFAULT CHARSET=latin1 COLLATE=latin1_spanish_ci COMMENT='Sirve para determinar las etapas de un Proyecto';

--
-- Volcado de datos para la tabla `etapa`
--

INSERT INTO `etapa` (`idEtapa`, `etapa`) VALUES
(1, 'Propuesta'),
(2, 'Ajustes'),
(3, 'Producción');

-- --------------------------------------------------------

--
-- Estructura de tabla para la tabla `marcacliente`
--

CREATE TABLE `marcacliente` (
  `idMarcaCliente` int(50) UNSIGNED NOT NULL,
  `marcaCliente` varchar(255) COLLATE latin1_spanish_ci NOT NULL
) ENGINE=InnoDB DEFAULT CHARSET=latin1 COLLATE=latin1_spanish_ci;

--
-- Volcado de datos para la tabla `marcacliente`
--

INSERT INTO `marcacliente` (`idMarcaCliente`, `marcaCliente`) VALUES
(52, '.'),
(49, 'Altex'),
(55, 'Altex Brochure AFFI'),
(58, 'Alvaro Rodriguez'),
(50, 'Bamf'),
(70, 'Business Strategies'),
(31, 'Campana Matamoros'),
(29, 'Chantilly'),
(61, 'Ciel Exprim '),
(10, 'Ciel Megamarca'),
(11, 'Ciel Mineralizada'),
(13, 'Ciel Mini'),
(14, 'Ciel Purificada'),
(12, 'Ciel Saborizada'),
(71, 'Citrex'),
(38, 'Coca-cola Navidad'),
(23, 'Coco'),
(48, 'Coco_onest'),
(18, 'Corporativo'),
(25, 'Corporativo Citrex'),
(54, 'Corporativo frexport '),
(19, 'Corporativo Next'),
(24, 'Corporativo Rioxal'),
(60, 'Correos de Mexico '),
(3, 'Del Valle'),
(69, 'Desarrollo de estrategia general de redes sociales para Santa Fe'),
(53, 'El Aguila'),
(6, 'EVA'),
(32, 'Fanta'),
(66, 'Fanta Zero'),
(17, 'Freshly'),
(40, 'Good Night'),
(30, 'Grupo Chantilly'),
(41, 'Hamburguesas'),
(39, 'HYLF'),
(59, 'Industria Mexicana de Coca Cola'),
(57, 'La Distinguida'),
(43, 'La Europea'),
(37, 'LQL'),
(8, 'Megamarca'),
(67, 'Miel'),
(33, 'MINT'),
(34, 'Mint and Lime'),
(9, 'Mundet'),
(42, 'Nescafe'),
(4, 'NESCAFE Alegria'),
(5, 'NESCAFE Milano'),
(22, 'Nosso Coco'),
(46, 'One Source Water'),
(64, 'onest'),
(47, 'ONI'),
(44, 'Quebec cine'),
(35, 'Quebec Cine 2016'),
(45, 'Roman'),
(16, 'Santa Clara'),
(1, 'Sprite'),
(65, 'Steve Maden'),
(36, 'TORRES 10'),
(7, 'VITA ');

-- --------------------------------------------------------

--
-- Estructura de tabla para la tabla `nombrecliente`
--

CREATE TABLE `nombrecliente` (
  `idNombreCliente` int(50) UNSIGNED NOT NULL,
  `nombreCliente` varchar(255) CHARACTER SET utf8 COLLATE utf8_bin NOT NULL
) ENGINE=InnoDB DEFAULT CHARSET=latin1 COLLATE=latin1_spanish_ci;

--
-- Volcado de datos para la tabla `nombrecliente`
--

INSERT INTO `nombrecliente` (`idNombreCliente`, `nombreCliente`) VALUES
(52, 'ALFONSO ESCALANTE'),
(1, 'ALTEX'),
(44, 'ALVARO RODRIGUEZ'),
(31, 'ANALA FARIAS'),
(32, 'ANTONIO SERRANO'),
(37, 'BAMF'),
(28, 'BODEGAS LA NEGRITA'),
(12, 'CHEDRAUI'),
(2, 'COCA-COLA'),
(51, 'CORREOS DE MEXICO '),
(40, 'CYPREZ'),
(6, 'EL AGUILA'),
(45, 'EVENPLAN'),
(4, 'GOOD NIGHT'),
(23, 'GRUPO CHANTILLY'),
(53, 'IBERO'),
(41, 'INSTITUTO DE INVESTIGACIONES ELECTRICAS'),
(33, 'INTREND'),
(46, 'JAZMIN AMEZCUA'),
(34, 'JEAN SEBASTIAN'),
(24, 'JESUS ROBERTO GUERRA '),
(43, 'LA DISTINGUIDA'),
(27, 'LA EUROPEA'),
(49, 'LIFE STYLE'),
(29, 'LQL'),
(3, 'NESTLE'),
(22, 'NOSSO COCO INTERNATIONAL'),
(13, 'ONESOURCE WATER'),
(42, 'OUT'),
(8, 'PHENOMA'),
(47, 'PROMOTORA BOSQUES '),
(25, 'QUEBEC CINE'),
(50, 'RODRIGO ALADRO'),
(35, 'ROMAN'),
(9, 'SANTA FE'),
(36, 'SARA SACAL'),
(10, 'SCA'),
(48, 'STEVE MADEN'),
(11, 'TELAS BAYON'),
(5, '[BAMF]');

-- --------------------------------------------------------

--
-- Estructura de tabla para la tabla `nombreproyecto`
--

CREATE TABLE `nombreproyecto` (
  `idNombreProyecto` int(50) UNSIGNED NOT NULL,
  `nombreProyecto` varchar(255) COLLATE latin1_spanish_ci NOT NULL
) ENGINE=InnoDB DEFAULT CHARSET=latin1 COLLATE=latin1_spanish_ci;

--
-- Volcado de datos para la tabla `nombreproyecto`
--

INSERT INTO `nombreproyecto` (`idNombreProyecto`, `nombreProyecto`) VALUES
(103, 'Ajuste de contenido'),
(193, 'Ajuste de material para Pagina Web '),
(79, 'Altex Brochure AFFI'),
(96, 'AUT'),
(10, 'Branding'),
(121, 'Busqueda de plano mecanico de maquinas'),
(2, 'Caja'),
(254, 'Desarrollo de Brief servicios'),
(133, 'Desarrollo de Brochure'),
(119, 'Desarrollo de catalogo'),
(120, 'Desarrollo de catalogo comercial mexicana'),
(22, 'Desarrollo de contraportada Recorcholis'),
(32, 'Desarrollo de Empaque'),
(50, 'Desarrollo de empaque coca cola navidad 2016'),
(215, 'Desarrollo de estrategia general de redes sociales para Santa Fe'),
(236, 'Desarrollo de estrategia RRSS'),
(248, 'Desarrollo de estrategia y logos'),
(232, 'Desarrollo de etiquetas para exportacion'),
(92, 'Desarrollo de Foil Sanborns'),
(227, 'Desarrollo de folleto para Promotora Bosques'),
(33, 'Desarrollo de Iconos '),
(83, 'Desarrollo de identidad corporativa'),
(84, 'Desarrollo de identidad corporativa y pagina web'),
(45, 'Desarrollo de imagen y POP'),
(73, 'Desarrollo de infografia'),
(36, 'Desarrollo de Logo y Slogan'),
(143, 'Desarrollo de Manual marzo 2016'),
(21, 'Desarrollo de marca empaque'),
(56, 'Desarrollo de materiales'),
(203, 'Desarrollo de materiales para La Europea'),
(105, 'Desarrollo de Newsletter marzo 2016'),
(189, 'desarrollo de pagina web'),
(37, 'Desarrollo de Plan Mkt'),
(67, 'Desarrollo de plano Sanborns'),
(200, 'Desarrollo de posicionamiento Chantilly 2016'),
(214, 'Desarrollo de presentacion para pitch'),
(250, 'Desarrollo de presetacion Citrex esp. e ing.'),
(206, 'Desarrollo de redes sociales para Santa Fe'),
(82, 'Desarrollo de Render oficina 2016'),
(216, 'Desarrollo de renders nueva imagen EVA'),
(185, 'desarrollo de spot para radio y dinamica para regalos abril 2016'),
(35, 'Desarrollo de Time Table'),
(138, 'Desarrollo de Toolkit EVA 2016'),
(125, 'Desarrollo de video Bamf 2016'),
(128, 'Desarrollo de visualizaciones fotos exito 2016'),
(177, 'Desarrollo de visualizaciones genericas P2P 2016'),
(173, 'desarrollo de visualizaciones Oxigeno marzo 2016'),
(204, 'Desarrollo de wallpapper'),
(29, 'Desarrollo P2P 2016'),
(237, 'Desarrollo semanal para publicaciones RRSS'),
(39, 'Diseno Comunicado Plan Blak Out'),
(104, 'Diseno de antifaz  promo extra emperador'),
(91, 'Diseno de antifaz promo Fragua'),
(88, 'Diseno de antifaz promo Soriana dona febrero 2016'),
(115, 'Diseno de arte Copete-Antifaz'),
(231, 'Diseno de arte para pagina web'),
(114, 'Diseno de banner promo dona Carlos V'),
(253, 'Diseno de brandeo para camioneta OSW'),
(134, 'Diseno de brochure'),
(38, 'Diseno de Cenefa'),
(211, 'Diseno de cenefa para Comercial Mexicana'),
(238, 'Diseno de charola abril 2016'),
(69, 'Diseno de concurso interno '),
(116, 'Diseno de cuadro para receta '),
(46, 'Diseno de edicion especial '),
(65, 'Diseno de electrostatico_Superama de venta aqui'),
(245, 'Diseno de electrostatito mokaccino abril 2016'),
(49, 'Diseno de empaque'),
(160, 'diseno de empaque 500ml onest '),
(175, 'Diseno de empaque Onest Brasil y Vientnam'),
(209, 'Diseno de empaque para ensalada EVA'),
(201, 'Diseno de empaque para Miel'),
(117, 'Diseno de empaque Queso Crema'),
(212, 'Diseno de etiqueta para vaso Lecaroz'),
(85, 'Diseno de etiquetas'),
(167, 'diseno de etiquetas Antad sopas y mayonesas'),
(140, 'Diseno de etiquetas HEB 2016'),
(151, 'diseno de etiquetas para Altea mayonesa y sopas'),
(183, 'diseno de etiquetas para Lechugas USA 2016'),
(75, 'Diseno de etiquetas, frente, cintillo y back.'),
(213, 'Diseno de exhibidor para Chantilly'),
(194, 'Diseno de flyer para cama de bronceado '),
(199, 'Diseno de folleto'),
(142, 'Diseno de fondo de pantalla marzo 2016'),
(54, 'Diseno de identidad'),
(171, 'Diseno de infografia marzo 2016'),
(48, 'Diseno de infografia nestle febrero 2016'),
(30, 'Diseno de lata Monster Can'),
(40, 'Diseno de Lata Monster Can Fanta '),
(205, 'Diseno de lata para Fanta Zero'),
(247, 'Diseno de lista de precios Chantilly'),
(124, 'Diseno de logo'),
(149, 'Diseno de logo y etiquetas '),
(234, 'Diseno de Logo y Tarjeta'),
(118, 'Diseno de lona nuevos productos 2016'),
(210, 'Diseno de lona para Republica del Caco'),
(192, 'diseno de lona propan'),
(129, 'Diseno de lonas'),
(150, 'diseno de lonas para veracruz 2016'),
(241, 'Diseno de Manual de Ventas abril 2016'),
(166, 'diseno de materiales licor 43'),
(53, 'Diseno de materiales para comunicacion- triptico'),
(187, 'diseno de materiales para porta amenity marzo 2016'),
(62, 'Diseno de materiales POP con iconos'),
(34, 'Diseno de MG'),
(152, 'Diseno de OEs'),
(122, 'Diseno de OEs donna Carlos V'),
(108, 'diseno de oreja nescafe promo '),
(57, 'Diseno de pagina web'),
(202, 'Diseno de pagina web CYPREZ'),
(207, 'Diseno de pagina web para Santa Fe'),
(233, 'Diseno de playeras'),
(100, 'Diseno de POP Japon MG'),
(78, 'Diseno de poster para promo avellana'),
(68, 'Diseno de poster Si Vale canelitas'),
(123, 'Diseno de posters Chantilly Lecaroz'),
(109, 'Diseno de presentacion'),
(113, 'Diseno de presentacion macrotendencias 2016'),
(64, 'Diseno de presentacion Pouch'),
(81, 'Diseno de promo Benavides'),
(186, 'Diseno de promo Carlos V marzo 2016'),
(221, 'Diseno de promo Extra Mayo'),
(181, 'diseno de promo Fragua 2016'),
(242, 'Diseno de promo Fragua Mayo 2016'),
(217, 'Diseno de promo Nescafe Agua Vital'),
(226, 'Diseno de promo para Asturiano'),
(223, 'Diseno de promo para City Club '),
(225, 'Diseno de promo para Sale Vale'),
(244, 'Diseno de promo Roma mayo 2016'),
(63, 'Diseno de promocion para cine 2016'),
(146, 'Diseno de pubicaciones para web Nestle'),
(89, 'Diseno de render nuevos productos'),
(76, 'Diseno de render oficina'),
(190, 'diseno de stand'),
(61, 'Diseno de Stand Japon 2016'),
(235, 'Diseno de Stand para feria'),
(182, 'diseno de temporalidades dia de la madre y dia del nino'),
(72, 'Diseno de temporalidades dia del nino,mama y papa'),
(196, 'Diseno de visualizaciones 24/7 Ocotlan'),
(239, 'Diseno de visualizaciones BUAP abril 2016'),
(126, 'Diseno de visualizaciones Papagayo y Ejido'),
(246, 'Diseno de visualizaciones pastes Kikos abril 2016'),
(240, 'Diseno de visualizaciones UNE abril 2016'),
(16, 'Diseno febrero 2016'),
(42, 'Diseno Hoja de Instrucciones '),
(11, 'Diseno lonchera'),
(19, 'Diseno Newsletter Mensual'),
(157, 'Diseno nueva imagen Top Cream '),
(47, 'Diseno POP Japon'),
(98, 'Diseno POP Japon MG'),
(139, 'Diseno POP para Del Valle blend'),
(170, 'Diseno promo farmacia Roma marzo 2016'),
(141, 'Diseno promo jumbo YZA marzo 2016'),
(13, 'Diseno Top Cup'),
(14, 'Diseno Tripack'),
(12, 'Diseno uniforme'),
(52, 'Diseno y programacion de pagina web'),
(1, 'Empaque'),
(112, 'Estructura de cuenta'),
(15, 'Etiqueta Lima Japon'),
(154, 'Etiquetas Aline y Daniela'),
(155, 'Etiquetas Del Valle Back Panel '),
(5, 'Identidad'),
(66, 'Integracion de informacion a firmas electronicas'),
(93, 'Junta con cliente'),
(102, 'Mantenimiento de equipos '),
(25, 'Microperforado generico'),
(70, 'Nescafe promo de Throughput'),
(55, 'Nescafe- promo Sn. Fco. de Asis '),
(111, 'Organizacion de proyectos Bamf 2016'),
(107, 'Organizacion de redes sociales'),
(94, 'OUT'),
(6, 'Pagina Web'),
(26, 'Plan Blak out'),
(136, 'Poster de lanzamiento Top Lacteo 2016'),
(20, 'Presentacion  Ventas FS Espanol Next'),
(27, 'Presentacion Ventas FS Espanol Rioxal'),
(28, 'Presentacion Ventas FS Ingles Rioxal'),
(7, 'Presentacion Ventas FS Next'),
(71, 'Programacion de calendario Kistu'),
(24, 'Promo Chedraui '),
(23, 'Promo Extra CCK'),
(3, 'Promo Fargua'),
(4, 'Promo Roma'),
(17, 'Promo Yza '),
(9, 'Promocion Fargua galletas soles'),
(252, 'Propuesta de acomodo para logo en uniformes'),
(90, 'Propuesta de diseno para manual'),
(106, 'propuesta de MG para In and Out 2016 cajeta'),
(80, 'Propuesta de presentacion Rioxal'),
(77, 'Proyecto de presentacion para Frexport'),
(127, 'Publicacion de video Correos de Mexico'),
(218, 'Re diseno de seleccionadores para maquinas Site'),
(137, 'Rediseno de cintillo 2016'),
(101, 'Rediseno de elementos para POP'),
(169, 'Rediseno de empaque para Top Cream '),
(148, 'Rediseno de etiqueta vita  japon naranja y toronja lawson'),
(132, 'Rediseno de imagen 2016'),
(31, 'Rediseno de Marca'),
(44, 'Rediseno de nueva imagen '),
(163, 'rediseno de nueva imagen aderezo '),
(162, 'rediseno de nueva imagen cintillo '),
(58, 'Rediseno de pagina web'),
(198, 'Rediseno de presentacion marzo, abril 2016'),
(8, 'Rediseno etiqueta ciel mini'),
(43, 'Rediseno Japon Vita Toronja'),
(18, 'Rediseno visualizacion generica tienda'),
(144, 'Replica generacion y retoque de imagenes'),
(145, 'Replica generacion y retoque de imagenes  para cremeros'),
(251, 'Retoque de fotos'),
(156, 'Retoque de poster horizontal y vertical Blend'),
(188, 'Reunion con cliente'),
(255, 'Seleccionadores para las maquinas SITE'),
(174, 'Tarjetas Intrend Francisco y Jorge marzo 2016'),
(130, 'toma de fotos y medidas de maquinas'),
(208, 'Transcripcion de informacion para etiquetas Chantilly'),
(131, 'Video de ventas El Rio'),
(41, 'Visualizaciones Farmacias del Ahorro'),
(135, 'visualizaciones momento de consumo extra y circulo k'),
(153, 'visualizaciones Super Red'),
(147, 'Visualizaciones Vita Japon Aeon'),
(86, 'Volumen de logo en Freshly');

-- --------------------------------------------------------

--
-- Estructura de tabla para la tabla `participantes`
--

CREATE TABLE `participantes` (
  `idEvento` int(11) UNSIGNED NOT NULL,
  `idProyecto` int(30) UNSIGNED NOT NULL,
  `idEtapa` int(11) UNSIGNED NOT NULL,
  `correoElectronico` varchar(255) COLLATE latin1_spanish_ci NOT NULL,
  `startdate` timestamp NOT NULL DEFAULT CURRENT_TIMESTAMP ON UPDATE CURRENT_TIMESTAMP,
  `enddate` timestamp NOT NULL DEFAULT '0000-00-00 00:00:00',
  `horas` int(100) UNSIGNED DEFAULT NULL,
  `allDay` varchar(5) COLLATE latin1_spanish_ci NOT NULL
) ENGINE=InnoDB DEFAULT CHARSET=latin1 COLLATE=latin1_spanish_ci;

--
-- Volcado de datos para la tabla `participantes`
--

INSERT INTO `participantes` (`idEvento`, `idProyecto`, `idEtapa`, `correoElectronico`, `startdate`, `enddate`, `horas`, `allDay`) VALUES
(9, 4, 1, 'k.garcia@bamf.com.mx', '2016-01-04 09:00:00', '2016-01-04 13:00:00', 4, 'false'),
(10, 4, 1, 'k.garcia@bamf.com.mx', '2016-01-04 15:00:00', '2016-01-04 17:00:00', 2, 'false'),
(12, 3, 1, 'k.garcia@bamf.com.mx', '2016-01-06 11:00:00', '2016-01-06 13:00:00', 2, 'false'),
(23, 14, 1, 'a.chicurel@bamf.com.mx', '2016-01-11 10:00:00', '2016-01-11 12:00:00', 2, 'false'),
(24, 10, 1, 'a.chicurel@bamf.com.mx', '2016-01-11 12:00:00', '2016-01-11 13:00:00', 1, 'false'),
(25, 10, 1, 'a.chicurel@bamf.com.mx', '2016-01-11 15:00:00', '2016-01-11 18:00:00', 3, 'false'),
(33, 9, 1, 'c.carrillo@bamf.com.mx', '2016-01-11 09:00:00', '2016-01-11 13:00:00', 4, 'false'),
(35, 8, 1, 'c.carrillo@bamf.com.mx', '2016-01-11 15:00:00', '2016-01-11 19:00:00', 4, 'false'),
(36, 7, 1, 'j.galvan@bamf.com.mx', '2016-01-11 10:00:00', '2016-01-11 13:00:00', 3, 'false'),
(37, 8, 1, 'j.galvan@bamf.com.mx', '2016-01-11 18:00:00', '2016-01-11 19:00:00', 1, 'false'),
(38, 13, 2, 'm.gamez@bamf.com.mx', '2016-01-11 12:00:00', '2016-01-11 13:00:00', 1, 'false'),
(39, 13, 2, 'm.gamez@bamf.com.mx', '2016-01-11 15:00:00', '2016-01-11 16:00:00', 1, 'false'),
(40, 15, 3, 'm.gamez@bamf.com.mx', '2016-01-11 11:00:00', '2016-01-11 12:00:00', 1, 'false'),
(46, 14, 1, 'a.chicurel@bamf.com.mx', '2016-01-12 09:00:00', '2016-01-12 10:00:00', 1, 'false'),
(48, 7, 1, 'j.galvan@bamf.com.mx', '2016-01-11 15:00:00', '2016-01-11 18:00:00', 3, 'false'),
(49, 19, 1, 'j.galvan@bamf.com.mx', '2016-01-12 10:00:00', '2016-01-12 11:00:00', 1, 'false'),
(50, 25, 1, 'j.galvan@bamf.com.mx', '2016-01-18 10:00:00', '2016-01-18 13:00:00', 3, 'false'),
(51, 25, 1, 'j.galvan@bamf.com.mx', '2016-01-19 15:00:00', '2016-01-19 19:00:00', 4, 'false'),
(54, 25, 1, 'j.galvan@bamf.com.mx', '2016-01-22 14:00:00', '2016-01-22 20:00:00', 6, 'false'),
(55, 26, 1, 'v.salazar@bamf.com.mx', '2016-01-18 09:30:00', '2016-01-18 13:00:00', 3, 'false'),
(56, 26, 1, 'v.salazar@bamf.com.mx', '2016-01-19 10:00:00', '2016-01-19 13:00:00', 3, 'false'),
(59, 26, 1, 'v.salazar@bamf.com.mx', '2016-01-19 15:00:00', '2016-01-19 19:00:00', 4, 'false'),
(60, 26, 1, 'v.salazar@bamf.com.mx', '2016-01-21 10:00:00', '2016-01-21 13:00:00', 3, 'false'),
(61, 26, 1, 'v.salazar@bamf.com.mx', '2016-01-21 15:00:00', '2016-01-21 19:00:00', 4, 'false'),
(62, 26, 1, 'v.salazar@bamf.com.mx', '2016-01-18 15:00:00', '2016-01-18 19:00:00', 4, 'false'),
(64, 18, 2, 'v.salazar@bamf.com.mx', '2016-01-20 11:30:00', '2016-01-20 13:00:00', 1, 'false'),
(66, 28, 1, 'v.salazar@bamf.com.mx', '2016-01-22 09:30:00', '2016-01-22 14:00:00', 4, 'false'),
(67, 25, 1, 'v.salazar@bamf.com.mx', '2016-01-22 14:30:00', '2016-01-22 19:00:00', 4, 'false'),
(69, 29, 1, 'v.salazar@bamf.com.mx', '2016-01-20 15:00:00', '2016-01-20 19:00:00', 4, 'false'),
(70, 18, 2, 'j.galvan@bamf.com.mx', '2016-01-18 15:00:00', '2016-01-18 19:00:00', 4, 'false'),
(71, 18, 2, 'j.galvan@bamf.com.mx', '2016-01-19 11:30:00', '2016-01-19 13:00:00', 1, 'false'),
(73, 33, 2, 'j.galvan@bamf.com.mx', '2016-01-21 10:00:00', '2016-01-21 13:00:00', 3, 'false'),
(74, 33, 2, 'j.galvan@bamf.com.mx', '2016-01-21 15:00:00', '2016-01-21 19:00:00', 4, 'false'),
(75, 33, 2, 'j.galvan@bamf.com.mx', '2016-01-20 15:00:00', '2016-01-20 20:00:00', 5, 'false'),
(77, 18, 2, 'j.galvan@bamf.com.mx', '2016-01-22 10:00:00', '2016-01-22 13:00:00', 3, 'false'),
(78, 25, 1, 'j.galvan@bamf.com.mx', '2016-01-25 10:00:00', '2016-01-25 13:00:00', 3, 'false'),
(79, 31, 1, 'j.galvan@bamf.com.mx', '2016-01-25 15:00:00', '2016-01-25 19:00:00', 4, 'false'),
(80, 30, 1, 'v.salazar@bamf.com.mx', '2016-01-25 10:00:00', '2016-01-25 11:30:00', 1, 'false'),
(83, 8, 1, 'c.carrillo@bamf.com.mx', '2016-01-18 15:00:00', '2016-01-18 19:00:00', 4, 'false'),
(84, 34, 1, 'c.carrillo@bamf.com.mx', '2016-01-19 10:00:00', '2016-01-19 13:00:00', 3, 'false'),
(86, 26, 1, 'c.carrillo@bamf.com.mx', '2016-01-19 17:00:00', '2016-01-19 19:30:00', 2, 'false'),
(87, 18, 2, 'c.carrillo@bamf.com.mx', '2016-01-19 15:00:00', '2016-01-19 17:00:00', 2, 'false'),
(88, 35, 1, 'c.carrillo@bamf.com.mx', '2016-01-20 10:00:00', '2016-01-20 12:00:00', 2, 'false'),
(90, 26, 1, 'c.carrillo@bamf.com.mx', '2016-01-20 12:00:00', '2016-01-20 13:00:00', 1, 'false'),
(91, 36, 1, 'c.carrillo@bamf.com.mx', '2016-01-20 15:00:00', '2016-01-20 19:00:00', 4, 'false'),
(92, 8, 1, 'c.carrillo@bamf.com.mx', '2016-01-21 10:00:00', '2016-01-21 13:00:00', 3, 'false'),
(93, 8, 1, 'c.carrillo@bamf.com.mx', '2016-01-22 11:00:00', '2016-01-22 15:00:00', 4, 'false'),
(94, 37, 1, 'c.carrillo@bamf.com.mx', '2016-01-21 15:00:00', '2016-01-21 19:00:00', 4, 'false'),
(95, 38, 1, 'c.carrillo@bamf.com.mx', '2016-01-22 09:30:00', '2016-01-22 11:00:00', 1, 'false'),
(96, 36, 1, 'c.carrillo@bamf.com.mx', '2016-01-25 09:00:00', '2016-01-25 10:30:00', 1, 'false'),
(97, 29, 1, 'c.carrillo@bamf.com.mx', '2016-01-25 10:30:00', '2016-01-25 12:00:00', 1, 'false'),
(98, 18, 2, 'c.carrillo@bamf.com.mx', '2016-01-25 15:00:00', '2016-01-25 19:00:00', 4, 'false'),
(99, 26, 1, 'a.chicurel@bamf.com.mx', '2016-01-18 10:00:00', '2016-01-18 13:00:00', 3, 'false'),
(100, 26, 1, 'a.chicurel@bamf.com.mx', '2016-01-18 15:00:00', '2016-01-18 19:00:00', 4, 'false'),
(101, 14, 1, 'a.chicurel@bamf.com.mx', '2016-01-19 09:00:00', '2016-01-19 11:30:00', 2, 'false'),
(102, 26, 1, 'a.chicurel@bamf.com.mx', '2016-01-19 11:30:00', '2016-01-19 13:00:00', 1, 'false'),
(103, 26, 1, 'a.chicurel@bamf.com.mx', '2016-01-19 15:00:00', '2016-01-19 19:00:00', 4, 'false'),
(106, 26, 1, 'a.chicurel@bamf.com.mx', '2016-01-20 09:00:00', '2016-01-20 13:00:00', 4, 'false'),
(107, 33, 2, 'a.chicurel@bamf.com.mx', '2016-01-20 15:00:00', '2016-01-20 19:00:00', 4, 'false'),
(108, 6, 1, 'a.chicurel@bamf.com.mx', '2016-01-21 10:00:00', '2016-01-21 13:00:00', 3, 'false'),
(109, 33, 2, 'a.chicurel@bamf.com.mx', '2016-01-21 15:00:00', '2016-01-21 17:00:00', 2, 'false'),
(110, 34, 1, 'a.chicurel@bamf.com.mx', '2016-01-21 17:00:00', '2016-01-21 19:00:00', 2, 'false'),
(111, 28, 1, 'a.chicurel@bamf.com.mx', '2016-01-22 10:00:00', '2016-01-22 14:00:00', 4, 'false'),
(112, 28, 1, 'a.chicurel@bamf.com.mx', '2016-01-22 15:00:00', '2016-01-22 17:00:00', 2, 'false'),
(113, 34, 1, 'a.chicurel@bamf.com.mx', '2016-01-25 10:00:00', '2016-01-25 11:30:00', 1, 'false'),
(116, 39, 2, 'm.gamez@bamf.com.mx', '2016-01-25 10:00:00', '2016-01-25 11:30:00', 1, 'false'),
(118, 33, 2, 'j.galvan@bamf.com.mx', '2016-01-26 15:00:00', '2016-01-26 19:00:00', 4, 'false'),
(121, 41, 1, 'j.galvan@bamf.com.mx', '2016-01-27 11:30:00', '2016-01-27 13:00:00', 1, 'false'),
(122, 42, 1, 'j.galvan@bamf.com.mx', '2016-01-26 10:00:00', '2016-01-26 13:00:00', 3, 'false'),
(123, 40, 1, 'j.galvan@bamf.com.mx', '2016-01-27 10:00:00', '2016-01-27 11:30:00', 1, 'false'),
(124, 41, 1, 'j.galvan@bamf.com.mx', '2016-01-28 09:30:00', '2016-01-28 13:00:00', 3, 'false'),
(125, 41, 1, 'j.galvan@bamf.com.mx', '2016-01-27 15:00:00', '2016-01-27 19:00:00', 4, 'false'),
(126, 30, 1, 'j.galvan@bamf.com.mx', '2016-01-28 15:00:00', '2016-01-28 19:00:00', 4, 'false'),
(127, 42, 1, 'j.galvan@bamf.com.mx', '2016-01-29 09:30:00', '2016-01-29 12:30:00', 3, 'false'),
(128, 43, 1, 'j.galvan@bamf.com.mx', '2016-01-29 12:30:00', '2016-01-29 15:00:00', 2, 'false'),
(129, 43, 1, 'v.salazar@bamf.com.mx', '2016-01-25 11:30:00', '2016-01-25 13:00:00', 1, 'false'),
(130, 43, 1, 'v.salazar@bamf.com.mx', '2016-01-25 15:00:00', '2016-01-25 19:00:00', 4, 'false'),
(131, 31, 1, 'v.salazar@bamf.com.mx', '2016-01-26 10:00:00', '2016-01-26 13:00:00', 3, 'false'),
(132, 31, 1, 'v.salazar@bamf.com.mx', '2016-01-26 15:00:00', '2016-01-26 19:00:00', 4, 'false'),
(133, 44, 2, 'v.salazar@bamf.com.mx', '2016-01-27 10:00:00', '2016-01-27 13:00:00', 3, 'false'),
(134, 31, 1, 'v.salazar@bamf.com.mx', '2016-01-27 15:00:00', '2016-01-27 17:00:00', 2, 'false'),
(135, 41, 1, 'v.salazar@bamf.com.mx', '2016-01-27 17:00:00', '2016-01-27 19:00:00', 2, 'false'),
(136, 26, 1, 'v.salazar@bamf.com.mx', '2016-01-28 10:00:00', '2016-01-28 13:00:00', 3, 'false'),
(137, 41, 1, 'v.salazar@bamf.com.mx', '2016-01-28 15:00:00', '2016-01-28 19:00:00', 4, 'false'),
(138, 41, 1, 'v.salazar@bamf.com.mx', '2016-01-29 10:00:00', '2016-01-29 13:00:00', 3, 'false'),
(139, 41, 1, 'v.salazar@bamf.com.mx', '2016-01-29 13:00:00', '2016-01-29 15:00:00', 2, 'false'),
(141, 46, 1, 'j.galvan@bamf.com.mx', '2016-02-02 10:00:00', '2016-02-02 13:00:00', 3, 'false'),
(142, 45, 1, 'j.galvan@bamf.com.mx', '2016-02-03 09:00:00', '2016-02-03 13:00:00', 4, 'false'),
(143, 41, 1, 'j.galvan@bamf.com.mx', '2016-02-02 15:00:00', '2016-02-02 19:00:00', 4, 'false'),
(144, 41, 1, 'v.salazar@bamf.com.mx', '2016-02-02 10:00:00', '2016-02-02 13:00:00', 3, 'false'),
(147, 43, 1, 'v.salazar@bamf.com.mx', '2016-02-03 10:00:00', '2016-02-03 13:00:00', 3, 'false'),
(149, 26, 1, 'v.salazar@bamf.com.mx', '2016-02-02 15:00:00', '2016-02-02 19:00:00', 4, 'false'),
(150, 43, 1, 'v.salazar@bamf.com.mx', '2016-02-03 15:00:00', '2016-02-03 19:00:00', 4, 'false'),
(152, 26, 1, 'a.chicurel@bamf.com.mx', '2016-02-02 09:00:00', '2016-02-02 13:00:00', 4, 'false'),
(153, 26, 1, 'a.chicurel@bamf.com.mx', '2016-02-02 15:00:00', '2016-02-02 19:00:00', 4, 'false'),
(156, 43, 1, 'a.chicurel@bamf.com.mx', '2016-02-03 15:00:00', '2016-02-03 19:00:00', 4, 'false'),
(158, 43, 1, 'a.chicurel@bamf.com.mx', '2016-02-03 10:00:00', '2016-02-03 13:00:00', 3, 'false'),
(159, 43, 1, 'a.chicurel@bamf.com.mx', '2016-02-04 10:00:00', '2016-02-04 13:00:00', 3, 'false'),
(160, 26, 1, 'a.chicurel@bamf.com.mx', '2016-02-05 10:00:00', '2016-02-05 13:00:00', 3, 'false'),
(162, 26, 1, 'p.esparza@bamf.com.mx', '2016-02-02 15:00:00', '2016-02-02 19:00:00', 4, 'false'),
(164, 26, 1, 'd.alvarez@bamf.com.mx', '2016-02-03 15:00:00', '2016-02-03 19:00:00', 4, 'false'),
(165, 26, 1, 'd.alvarez@bamf.com.mx', '2016-02-04 09:00:00', '2016-02-04 11:00:00', 2, 'false'),
(166, 26, 1, 'd.alvarez@bamf.com.mx', '2016-02-05 09:00:00', '2016-02-05 13:00:00', 4, 'false'),
(167, 43, 1, 'j.galvan@bamf.com.mx', '2016-02-04 10:00:00', '2016-02-04 13:00:00', 3, 'false'),
(168, 48, 1, 'j.galvan@bamf.com.mx', '2016-02-03 15:00:00', '2016-02-03 19:00:00', 4, 'false'),
(169, 43, 1, 'j.galvan@bamf.com.mx', '2016-02-04 17:00:00', '2016-02-04 19:00:00', 2, 'false'),
(170, 33, 2, 'j.galvan@bamf.com.mx', '2016-02-04 15:00:00', '2016-02-04 17:00:00', 2, 'false'),
(173, 43, 1, 'v.salazar@bamf.com.mx', '2016-02-04 10:00:00', '2016-02-04 11:30:00', 1, 'false'),
(174, 51, 1, 'j.galvan@bamf.com.mx', '2016-02-05 11:30:00', '2016-02-05 13:00:00', 1, 'false'),
(175, 26, 1, 'v.salazar@bamf.com.mx', '2016-02-05 10:00:00', '2016-02-05 13:00:00', 3, 'false'),
(178, 48, 1, 'k.garcia@bamf.com.mx', '2016-02-02 10:00:00', '2016-02-02 13:00:00', 3, 'false'),
(179, 48, 1, 'k.garcia@bamf.com.mx', '2016-02-04 10:00:00', '2016-02-04 13:00:00', 3, 'false'),
(181, 49, 2, 'p.esparza@bamf.com.mx', '2016-02-02 10:00:00', '2016-02-02 13:00:00', 3, 'false'),
(182, 26, 1, 'p.esparza@bamf.com.mx', '2016-02-03 15:00:00', '2016-02-03 19:00:00', 4, 'false'),
(183, 26, 1, 'p.esparza@bamf.com.mx', '2016-02-04 10:00:00', '2016-02-04 13:00:00', 3, 'false'),
(184, 26, 1, 'p.esparza@bamf.com.mx', '2016-02-04 15:00:00', '2016-02-04 19:00:00', 4, 'false'),
(185, 51, 1, 'p.esparza@bamf.com.mx', '2016-02-05 10:00:00', '2016-02-05 13:00:00', 3, 'false'),
(186, 51, 1, 's.malvaez@bamf.com.mx', '2016-02-02 15:00:00', '2016-02-02 19:00:00', 4, 'false'),
(187, 50, 2, 's.malvaez@bamf.com.mx', '2016-02-03 10:00:00', '2016-02-03 11:30:00', 1, 'false'),
(188, 43, 1, 's.malvaez@bamf.com.mx', '2016-02-03 17:00:00', '2016-02-03 19:00:00', 2, 'false'),
(189, 51, 1, 's.malvaez@bamf.com.mx', '2016-02-04 10:00:00', '2016-02-04 13:00:00', 3, 'false'),
(190, 51, 1, 's.malvaez@bamf.com.mx', '2016-02-05 10:00:00', '2016-02-05 12:30:00', 2, 'false'),
(191, 51, 1, 'd.alvarez@bamf.com.mx', '2016-02-04 15:00:00', '2016-02-04 19:00:00', 4, 'false'),
(192, 47, 1, 'd.alvarez@bamf.com.mx', '2016-02-05 15:00:00', '2016-02-05 19:00:00', 4, 'false'),
(193, 47, 1, 'd.alvarez@bamf.com.mx', '2016-02-03 09:00:00', '2016-02-03 13:00:00', 4, 'false'),
(195, 46, 1, 'm.gamez@bamf.com.mx', '2016-02-03 15:00:00', '2016-02-03 19:00:00', 4, 'false'),
(196, 50, 2, 'm.gamez@bamf.com.mx', '2016-02-05 15:00:00', '2016-02-05 19:00:00', 4, 'false'),
(197, 49, 2, 'h.ramirez@bamf.com.mx', '2016-02-02 10:00:00', '2016-02-02 13:00:00', 3, 'false'),
(198, 49, 2, 'h.ramirez@bamf.com.mx', '2016-02-02 15:00:00', '2016-02-02 19:00:00', 4, 'false'),
(199, 49, 2, 'h.ramirez@bamf.com.mx', '2016-02-03 10:00:00', '2016-02-03 13:00:00', 3, 'false'),
(200, 49, 2, 'h.ramirez@bamf.com.mx', '2016-02-03 15:00:00', '2016-02-03 19:00:00', 4, 'false'),
(202, 26, 1, 'a.chicurel@bamf.com.mx', '2016-02-04 15:00:00', '2016-02-04 19:00:00', 4, 'false'),
(203, 51, 1, 'j.galvan@bamf.com.mx', '2016-02-05 15:00:00', '2016-02-05 19:00:00', 4, 'false'),
(204, 52, 1, 'v.salazar@bamf.com.mx', '2016-02-04 11:30:00', '2016-02-04 13:00:00', 1, 'false'),
(205, 26, 1, 'v.salazar@bamf.com.mx', '2016-02-05 15:00:00', '2016-02-05 19:00:00', 4, 'false'),
(206, 54, 2, 'v.salazar@bamf.com.mx', '2016-02-04 15:00:00', '2016-02-04 19:00:00', 4, 'false'),
(207, 26, 1, 'a.chicurel@bamf.com.mx', '2016-02-05 15:00:00', '2016-02-05 19:00:00', 4, 'false'),
(208, 52, 1, 'r.cuello@bamf.com.mx', '2016-02-04 15:00:00', '2016-02-04 19:00:00', 4, 'false'),
(209, 51, 1, 'r.cuello@bamf.com.mx', '2016-02-05 15:00:00', '2016-02-05 19:00:00', 4, 'false'),
(210, 51, 1, 'r.cuello@bamf.com.mx', '2016-02-10 15:00:00', '2016-02-10 19:00:00', 4, 'false'),
(211, 53, 1, 'k.garcia@bamf.com.mx', '2016-02-02 15:00:00', '2016-02-02 19:00:00', 4, 'false'),
(212, 53, 1, 'k.garcia@bamf.com.mx', '2016-02-03 10:00:00', '2016-02-03 13:00:00', 3, 'false'),
(213, 53, 1, 'k.garcia@bamf.com.mx', '2016-02-03 15:00:00', '2016-02-03 19:00:00', 4, 'false'),
(214, 53, 1, 'k.garcia@bamf.com.mx', '2016-02-04 15:00:00', '2016-02-04 19:00:00', 4, 'false'),
(215, 48, 1, 'k.garcia@bamf.com.mx', '2016-02-05 10:00:00', '2016-02-05 13:00:00', 3, 'false'),
(216, 48, 1, 'k.garcia@bamf.com.mx', '2016-02-05 15:00:00', '2016-02-05 19:00:00', 4, 'false'),
(218, 44, 2, 'p.esparza@bamf.com.mx', '2016-02-03 10:00:00', '2016-02-03 11:30:00', 1, 'false'),
(219, 3, 1, 'p.esparza@bamf.com.mx', '2016-02-03 11:30:00', '2016-02-03 13:00:00', 1, 'false'),
(220, 26, 1, 'p.esparza@bamf.com.mx', '2016-02-05 15:00:00', '2016-02-05 19:00:00', 4, 'false'),
(221, 53, 1, 's.malvaez@bamf.com.mx', '2016-02-03 11:30:00', '2016-02-03 13:00:00', 1, 'false'),
(222, 53, 1, 's.malvaez@bamf.com.mx', '2016-02-03 15:00:00', '2016-02-03 17:00:00', 2, 'false'),
(223, 47, 1, 'd.alvarez@bamf.com.mx', '2016-02-02 09:00:00', '2016-02-02 13:00:00', 4, 'false'),
(234, 49, 2, 'h.ramirez@bamf.com.mx', '2016-02-04 10:00:00', '2016-02-04 13:00:00', 3, 'false'),
(235, 49, 2, 'h.ramirez@bamf.com.mx', '2016-02-04 15:00:00', '2016-02-04 19:00:00', 4, 'false'),
(236, 24, 2, 'm.gamez@bamf.com.mx', '2016-02-05 10:00:00', '2016-02-05 13:00:00', 3, 'false'),
(240, 46, 1, 'm.gamez@bamf.com.mx', '2016-02-04 10:00:00', '2016-02-04 13:00:00', 3, 'false'),
(242, 24, 2, 'm.gamez@bamf.com.mx', '2016-02-03 10:00:00', '2016-02-03 13:00:00', 3, 'false'),
(243, 54, 2, 'c.muniain@bamf.com.mx', '2016-02-03 15:00:00', '2016-02-03 19:00:00', 4, 'false'),
(244, 51, 1, 'c.muniain@bamf.com.mx', '2016-02-04 15:00:00', '2016-02-04 19:00:00', 4, 'false'),
(245, 51, 1, 'j.galvan@bamf.com.mx', '2016-02-11 15:00:00', '2016-02-11 19:00:00', 4, 'false'),
(246, 33, 2, 'j.galvan@bamf.com.mx', '2016-02-08 10:00:00', '2016-02-08 13:00:00', 3, 'false'),
(247, 45, 1, 'v.salazar@bamf.com.mx', '2016-02-08 10:00:00', '2016-02-08 13:00:00', 3, 'false'),
(248, 51, 1, 'v.salazar@bamf.com.mx', '2016-02-10 15:00:00', '2016-02-10 18:00:00', 3, 'false'),
(249, 26, 1, 'a.chicurel@bamf.com.mx', '2016-02-08 10:00:00', '2016-02-08 13:00:00', 3, 'false'),
(250, 43, 1, 'a.chicurel@bamf.com.mx', '2016-02-08 15:00:00', '2016-02-08 19:00:00', 4, 'false'),
(252, 53, 1, 'k.garcia@bamf.com.mx', '2016-02-08 09:00:00', '2016-02-08 13:00:00', 4, 'false'),
(253, 53, 1, 'k.garcia@bamf.com.mx', '2016-02-09 10:00:00', '2016-02-09 13:00:00', 3, 'false'),
(254, 48, 1, 'k.garcia@bamf.com.mx', '2016-02-09 15:00:00', '2016-02-09 18:00:00', 3, 'false'),
(255, 51, 1, 'k.garcia@bamf.com.mx', '2016-02-10 15:00:00', '2016-02-10 18:00:00', 3, 'false'),
(256, 26, 1, 'p.esparza@bamf.com.mx', '2016-02-08 09:00:00', '2016-02-08 13:00:00', 4, 'false'),
(257, 55, 1, 'p.esparza@bamf.com.mx', '2016-02-09 10:00:00', '2016-02-09 13:00:00', 3, 'false'),
(258, 49, 2, 'p.esparza@bamf.com.mx', '2016-02-09 15:00:00', '2016-02-09 19:00:00', 4, 'false'),
(259, 49, 2, 'p.esparza@bamf.com.mx', '2016-02-10 10:00:00', '2016-02-10 13:00:00', 3, 'false'),
(260, 51, 1, 'p.esparza@bamf.com.mx', '2016-02-10 15:00:00', '2016-02-10 19:00:00', 4, 'false'),
(261, 45, 1, 's.malvaez@bamf.com.mx', '2016-02-08 15:00:00', '2016-02-08 19:00:00', 4, 'false'),
(262, 45, 1, 's.malvaez@bamf.com.mx', '2016-02-09 09:00:00', '2016-02-09 13:00:00', 4, 'false'),
(264, 48, 1, 'd.alvarez@bamf.com.mx', '2016-02-08 15:00:00', '2016-02-08 19:00:00', 4, 'false'),
(265, 48, 1, 'd.alvarez@bamf.com.mx', '2016-02-09 09:00:00', '2016-02-09 13:00:00', 4, 'false'),
(266, 51, 1, 'd.alvarez@bamf.com.mx', '2016-02-10 15:00:00', '2016-02-10 19:00:00', 4, 'false'),
(267, 51, 1, 'c.muniain@bamf.com.mx', '2016-02-10 15:00:00', '2016-02-10 19:00:00', 4, 'false'),
(268, 49, 2, 'h.ramirez@bamf.com.mx', '2016-02-09 15:00:00', '2016-02-09 19:00:00', 4, 'false'),
(269, 49, 2, 'h.ramirez@bamf.com.mx', '2016-02-09 11:00:00', '2016-02-09 13:00:00', 2, 'false'),
(270, 45, 1, 's.malvaez@bamf.com.mx', '2016-02-09 15:00:00', '2016-02-09 19:00:00', 4, 'false'),
(271, 45, 1, 'j.galvan@bamf.com.mx', '2016-02-09 10:00:00', '2016-02-09 13:00:00', 3, 'false'),
(272, 45, 1, 'j.galvan@bamf.com.mx', '2016-02-09 15:00:00', '2016-02-09 19:00:00', 4, 'false'),
(274, 45, 1, 'v.salazar@bamf.com.mx', '2016-02-09 11:30:00', '2016-02-09 13:00:00', 1, 'false'),
(275, 45, 1, 'j.galvan@bamf.com.mx', '2016-02-10 10:00:00', '2016-02-10 13:00:00', 3, 'false'),
(276, 33, 2, 'j.galvan@bamf.com.mx', '2016-02-10 15:00:00', '2016-02-10 19:00:00', 4, 'false'),
(278, 58, 1, 'v.salazar@bamf.com.mx', '2016-02-09 10:00:00', '2016-02-09 11:30:00', 1, 'false'),
(279, 58, 1, 'v.salazar@bamf.com.mx', '2016-02-09 15:00:00', '2016-02-09 18:00:00', 3, 'false'),
(280, 41, 1, 'v.salazar@bamf.com.mx', '2016-02-11 10:00:00', '2016-02-11 13:00:00', 3, 'false'),
(281, 62, 1, 'v.salazar@bamf.com.mx', '2016-02-10 09:00:00', '2016-02-10 12:00:00', 3, 'false'),
(282, 41, 1, 'v.salazar@bamf.com.mx', '2016-02-11 15:00:00', '2016-02-11 18:00:00', 3, 'false'),
(283, 58, 1, 'a.chicurel@bamf.com.mx', '2016-02-09 10:00:00', '2016-02-09 11:30:00', 1, 'false'),
(284, 43, 1, 'a.chicurel@bamf.com.mx', '2016-02-09 11:30:00', '2016-02-09 13:00:00', 1, 'false'),
(285, 45, 1, 'a.chicurel@bamf.com.mx', '2016-02-10 10:00:00', '2016-02-10 13:00:00', 3, 'false'),
(286, 63, 2, 'a.chicurel@bamf.com.mx', '2016-02-09 15:00:00', '2016-02-09 19:00:00', 4, 'false'),
(287, 58, 1, 'r.cuello@bamf.com.mx', '2016-02-08 09:00:00', '2016-02-08 13:00:00', 4, 'false'),
(289, 53, 1, 'k.garcia@bamf.com.mx', '2016-02-10 10:00:00', '2016-02-10 13:00:00', 3, 'false'),
(290, 48, 1, 'k.garcia@bamf.com.mx', '2016-02-11 10:00:00', '2016-02-11 13:00:00', 3, 'false'),
(291, 62, 1, 'k.garcia@bamf.com.mx', '2016-02-11 15:00:00', '2016-02-11 18:00:00', 3, 'false'),
(293, 62, 1, 'p.esparza@bamf.com.mx', '2016-02-11 15:00:00', '2016-02-11 19:00:00', 4, 'false'),
(296, 45, 1, 's.malvaez@bamf.com.mx', '2016-02-10 09:00:00', '2016-02-10 13:00:00', 4, 'false'),
(298, 55, 1, 'd.alvarez@bamf.com.mx', '2016-02-09 15:00:00', '2016-02-09 19:00:00', 4, 'false'),
(299, 55, 1, 'd.alvarez@bamf.com.mx', '2016-02-10 09:00:00', '2016-02-10 13:00:00', 4, 'false'),
(300, 45, 1, 's.malvaez@bamf.com.mx', '2016-02-10 15:00:00', '2016-02-10 19:00:00', 4, 'false'),
(301, 60, 1, 's.malvaez@bamf.com.mx', '2016-02-11 09:00:00', '2016-02-11 13:00:00', 4, 'false'),
(303, 33, 2, 'j.galvan@bamf.com.mx', '2016-02-11 10:00:00', '2016-02-11 13:00:00', 3, 'false'),
(304, 41, 1, 'j.galvan@bamf.com.mx', '2016-02-12 12:00:00', '2016-02-12 15:00:00', 3, 'false'),
(305, 41, 1, 'v.salazar@bamf.com.mx', '2016-02-12 09:00:00', '2016-02-12 12:00:00', 3, 'false'),
(306, 51, 1, 'v.salazar@bamf.com.mx', '2016-02-12 13:00:00', '2016-02-12 16:00:00', 3, 'false'),
(307, 45, 1, 'a.chicurel@bamf.com.mx', '2016-02-10 15:00:00', '2016-02-10 19:00:00', 4, 'false'),
(309, 33, 2, 'a.chicurel@bamf.com.mx', '2016-02-11 10:00:00', '2016-02-11 11:30:00', 1, 'false'),
(310, 65, 3, 'a.chicurel@bamf.com.mx', '2016-02-12 10:00:00', '2016-02-12 11:30:00', 1, 'false'),
(311, 51, 1, 'a.chicurel@bamf.com.mx', '2016-02-12 13:00:00', '2016-02-12 16:00:00', 3, 'false'),
(312, 66, 1, 'a.chicurel@bamf.com.mx', '2016-02-11 11:30:00', '2016-02-11 13:00:00', 1, 'false'),
(313, 66, 1, 'a.chicurel@bamf.com.mx', '2016-02-11 15:00:00', '2016-02-11 19:00:00', 4, 'false'),
(314, 67, 1, 'a.chicurel@bamf.com.mx', '2016-02-12 11:30:00', '2016-02-12 13:00:00', 1, 'false'),
(315, 57, 1, 'r.cuello@bamf.com.mx', '2016-02-11 15:00:00', '2016-02-11 19:00:00', 4, 'false'),
(316, 68, 1, 'r.cuello@bamf.com.mx', '2016-02-11 09:00:00', '2016-02-11 13:00:00', 4, 'false'),
(317, 68, 1, 'r.cuello@bamf.com.mx', '2016-02-10 09:00:00', '2016-02-10 13:00:00', 4, 'false'),
(318, 68, 1, 'r.cuello@bamf.com.mx', '2016-02-09 09:00:00', '2016-02-09 13:00:00', 4, 'false'),
(319, 68, 1, 'r.cuello@bamf.com.mx', '2016-02-09 15:00:00', '2016-02-09 19:00:00', 4, 'false'),
(320, 68, 1, 'r.cuello@bamf.com.mx', '2016-02-08 15:00:00', '2016-02-08 19:00:00', 4, 'false'),
(321, 51, 1, 'k.garcia@bamf.com.mx', '2016-02-12 10:00:00', '2016-02-12 12:30:00', 2, 'false'),
(322, 51, 1, 'k.garcia@bamf.com.mx', '2016-02-12 12:30:00', '2016-02-12 15:00:00', 2, 'false'),
(323, 55, 1, 'p.esparza@bamf.com.mx', '2016-02-11 10:00:00', '2016-02-11 13:00:00', 3, 'false'),
(324, 49, 2, 'p.esparza@bamf.com.mx', '2016-02-12 10:00:00', '2016-02-12 15:00:00', 5, 'false'),
(325, 58, 1, 's.malvaez@bamf.com.mx', '2016-02-11 15:00:00', '2016-02-11 19:00:00', 4, 'false'),
(327, 57, 1, 's.malvaez@bamf.com.mx', '2016-02-12 09:00:00', '2016-02-12 12:00:00', 3, 'false'),
(328, 53, 1, 's.malvaez@bamf.com.mx', '2016-02-12 12:00:00', '2016-02-12 15:00:00', 3, 'false'),
(329, 47, 1, 'd.alvarez@bamf.com.mx', '2016-02-08 09:00:00', '2016-02-08 13:00:00', 4, 'false'),
(330, 51, 1, 'd.alvarez@bamf.com.mx', '2016-02-11 09:00:00', '2016-02-11 11:00:00', 2, 'false'),
(331, 48, 1, 'd.alvarez@bamf.com.mx', '2016-02-11 11:00:00', '2016-02-11 13:00:00', 2, 'false'),
(332, 48, 1, 'd.alvarez@bamf.com.mx', '2016-02-11 15:00:00', '2016-02-11 19:00:00', 4, 'false'),
(333, 55, 1, 'd.alvarez@bamf.com.mx', '2016-02-12 09:00:00', '2016-02-12 12:00:00', 3, 'false'),
(334, 47, 1, 'd.alvarez@bamf.com.mx', '2016-02-12 12:00:00', '2016-02-12 15:00:00', 3, 'false'),
(335, 49, 2, 'h.ramirez@bamf.com.mx', '2016-02-10 10:00:00', '2016-02-10 13:00:00', 3, 'false'),
(336, 49, 2, 'h.ramirez@bamf.com.mx', '2016-02-10 15:00:00', '2016-02-10 19:00:00', 4, 'false'),
(337, 69, 2, 'h.ramirez@bamf.com.mx', '2016-02-11 10:00:00', '2016-02-11 13:00:00', 3, 'false'),
(338, 69, 2, 'h.ramirez@bamf.com.mx', '2016-02-12 10:00:00', '2016-02-12 13:00:00', 3, 'false'),
(339, 64, 2, 'h.ramirez@bamf.com.mx', '2016-02-08 10:00:00', '2016-02-08 13:00:00', 3, 'false'),
(340, 65, 3, 'm.gamez@bamf.com.mx', '2016-02-09 15:00:00', '2016-02-09 19:00:00', 4, 'false'),
(341, 65, 3, 'm.gamez@bamf.com.mx', '2016-02-11 15:00:00', '2016-02-11 19:00:00', 4, 'false'),
(342, 59, 1, 'm.gamez@bamf.com.mx', '2016-02-12 10:00:00', '2016-02-12 13:00:00', 3, 'false'),
(343, 41, 1, 'j.galvan@bamf.com.mx', '2016-02-15 17:30:00', '2016-02-15 19:00:00', 1, 'false'),
(344, 71, 1, 'v.salazar@bamf.com.mx', '2016-02-15 09:00:00', '2016-02-15 13:00:00', 4, 'false'),
(345, 51, 1, 'v.salazar@bamf.com.mx', '2016-02-15 15:00:00', '2016-02-15 19:00:00', 4, 'false'),
(346, 51, 1, 'a.chicurel@bamf.com.mx', '2016-02-15 15:00:00', '2016-02-15 19:00:00', 4, 'false'),
(347, 51, 1, 'r.cuello@bamf.com.mx', '2016-02-15 09:00:00', '2016-02-15 13:00:00', 4, 'false'),
(349, 30, 1, 'k.garcia@bamf.com.mx', '2016-02-15 15:00:00', '2016-02-15 19:00:00', 4, 'false'),
(350, 49, 2, 'p.esparza@bamf.com.mx', '2016-02-15 15:00:00', '2016-02-15 19:00:00', 4, 'false'),
(351, 58, 1, 's.malvaez@bamf.com.mx', '2016-02-15 09:00:00', '2016-02-15 13:00:00', 4, 'false'),
(353, 47, 1, 'd.alvarez@bamf.com.mx', '2016-02-15 08:30:00', '2016-02-15 13:00:00', 4, 'false'),
(354, 51, 1, 'd.alvarez@bamf.com.mx', '2016-02-15 15:00:00', '2016-02-15 19:00:00', 4, 'false'),
(355, 28, 1, 'm.gamez@bamf.com.mx', '2016-02-15 09:00:00', '2016-02-15 13:00:00', 4, 'false'),
(356, 69, 2, 'h.ramirez@bamf.com.mx', '2016-02-15 10:00:00', '2016-02-15 13:00:00', 3, 'false'),
(357, 72, 1, 'c.muniain@bamf.com.mx', '2016-02-08 15:00:00', '2016-02-08 19:00:00', 4, 'false'),
(358, 72, 1, 'c.muniain@bamf.com.mx', '2016-02-09 15:00:00', '2016-02-09 19:00:00', 4, 'false'),
(359, 72, 1, 'c.muniain@bamf.com.mx', '2016-02-11 15:00:00', '2016-02-11 19:00:00', 4, 'false'),
(360, 72, 1, 'c.muniain@bamf.com.mx', '2016-02-15 15:00:00', '2016-02-15 19:00:00', 4, 'false'),
(361, 56, 3, 'j.galvan@bamf.com.mx', '2016-02-15 15:00:00', '2016-02-15 17:30:00', 2, 'false'),
(362, 56, 3, 'h.ramirez@bamf.com.mx', '2016-02-15 15:00:00', '2016-02-15 19:00:00', 4, 'false'),
(368, 55, 1, 'p.esparza@bamf.com.mx', '2016-02-16 15:00:00', '2016-02-16 19:00:00', 4, 'false'),
(373, 49, 2, 'h.ramirez@bamf.com.mx', '2016-02-16 15:00:00', '2016-02-16 19:00:00', 4, 'false'),
(375, 49, 2, 'h.ramirez@bamf.com.mx', '2016-02-16 10:00:00', '2016-02-16 13:00:00', 3, 'false'),
(376, 72, 1, 's.malvaez@bamf.com.mx', '2016-02-15 15:00:00', '2016-02-15 19:00:00', 4, 'false'),
(378, 43, 1, 'j.galvan@bamf.com.mx', '2016-02-16 15:00:00', '2016-02-16 19:00:00', 4, 'false'),
(379, 43, 1, 'v.salazar@bamf.com.mx', '2016-02-16 09:30:00', '2016-02-16 13:00:00', 3, 'false'),
(380, 43, 1, 'v.salazar@bamf.com.mx', '2016-02-16 15:00:00', '2016-02-16 19:00:00', 4, 'false'),
(381, 43, 1, 'a.chicurel@bamf.com.mx', '2016-02-16 09:00:00', '2016-02-16 13:00:00', 4, 'false'),
(384, 43, 1, 'k.garcia@bamf.com.mx', '2016-02-16 15:00:00', '2016-02-16 19:00:00', 4, 'false'),
(385, 84, 1, 'p.esparza@bamf.com.mx', '2016-02-16 10:00:00', '2016-02-16 13:00:00', 3, 'false'),
(388, 84, 1, 'd.alvarez@bamf.com.mx', '2016-02-16 08:30:00', '2016-02-16 13:00:00', 4, 'false'),
(389, 55, 1, 'd.alvarez@bamf.com.mx', '2016-02-16 15:00:00', '2016-02-16 19:00:00', 4, 'false'),
(391, 57, 1, 'r.cuello@bamf.com.mx', '2016-02-16 10:00:00', '2016-02-16 13:00:00', 3, 'false'),
(392, 22, 1, 'm.gamez@bamf.com.mx', '2016-02-15 15:00:00', '2016-02-15 16:00:00', 1, 'false'),
(393, 85, 3, 'm.gamez@bamf.com.mx', '2016-02-15 16:00:00', '2016-02-15 17:00:00', 1, 'false'),
(394, 57, 1, 'm.gamez@bamf.com.mx', '2016-02-15 17:00:00', '2016-02-15 18:00:00', 1, 'false'),
(398, 56, 3, 'j.galvan@bamf.com.mx', '2016-02-16 09:00:00', '2016-02-16 13:00:00', 4, 'false'),
(403, 57, 1, 'r.cuello@bamf.com.mx', '2016-02-15 15:00:00', '2016-02-15 19:00:00', 4, 'false'),
(404, 86, 2, 'r.cuello@bamf.com.mx', '2016-02-16 15:00:00', '2016-02-16 19:00:00', 4, 'false'),
(405, 87, 1, 'r.cuello@bamf.com.mx', '2016-02-17 10:00:00', '2016-02-17 13:00:00', 3, 'false'),
(406, 78, 2, 's.malvaez@bamf.com.mx', '2016-02-17 10:00:00', '2016-02-17 13:00:00', 3, 'false'),
(407, 36, 1, 's.malvaez@bamf.com.mx', '2016-02-16 10:00:00', '2016-02-16 13:00:00', 3, 'false'),
(408, 36, 1, 's.malvaez@bamf.com.mx', '2016-02-16 15:00:00', '2016-02-16 19:00:00', 4, 'false'),
(412, 8, 1, 'j.galvan@bamf.com.mx', '2016-02-18 15:00:00', '2016-02-18 19:00:00', 4, 'false'),
(413, 8, 1, 'j.galvan@bamf.com.mx', '2016-02-19 10:00:00', '2016-02-19 12:30:00', 2, 'false'),
(414, 8, 1, 'j.galvan@bamf.com.mx', '2016-02-19 12:30:00', '2016-02-19 14:30:00', 2, 'false'),
(415, 33, 2, 'j.galvan@bamf.com.mx', '2016-02-17 17:00:00', '2016-02-17 19:00:00', 2, 'false'),
(416, 43, 1, 'v.salazar@bamf.com.mx', '2016-02-17 09:30:00', '2016-02-17 13:00:00', 3, 'false'),
(418, 43, 1, 'v.salazar@bamf.com.mx', '2016-02-18 15:00:00', '2016-02-18 19:00:00', 4, 'false'),
(419, 51, 1, 'v.salazar@bamf.com.mx', '2016-02-18 09:30:00', '2016-02-18 13:00:00', 3, 'false'),
(420, 43, 1, 'a.chicurel@bamf.com.mx', '2016-02-16 15:00:00', '2016-02-16 19:00:00', 4, 'false'),
(421, 43, 1, 'a.chicurel@bamf.com.mx', '2016-02-17 10:00:00', '2016-02-17 13:00:00', 3, 'false'),
(423, 51, 1, 'a.chicurel@bamf.com.mx', '2016-02-17 15:00:00', '2016-02-17 19:00:00', 4, 'false'),
(424, 43, 1, 'r.cuello@bamf.com.mx', '2016-02-17 15:00:00', '2016-02-17 19:00:00', 4, 'false'),
(425, 8, 1, 'r.cuello@bamf.com.mx', '2016-02-19 10:00:00', '2016-02-19 12:30:00', 2, 'false'),
(426, 8, 1, 'r.cuello@bamf.com.mx', '2016-02-19 12:30:00', '2016-02-19 14:30:00', 2, 'false'),
(427, 43, 1, 'k.garcia@bamf.com.mx', '2016-02-17 15:00:00', '2016-02-17 19:00:00', 4, 'false'),
(429, 51, 1, 'k.garcia@bamf.com.mx', '2016-02-18 11:30:00', '2016-02-18 13:00:00', 1, 'false'),
(431, 28, 1, 's.malvaez@bamf.com.mx', '2016-02-17 15:00:00', '2016-02-17 19:00:00', 4, 'false'),
(432, 43, 1, 'm.gamez@bamf.com.mx', '2016-02-16 16:30:00', '2016-02-16 18:00:00', 1, 'false'),
(433, 85, 3, 'm.gamez@bamf.com.mx', '2016-02-16 15:00:00', '2016-02-16 16:30:00', 1, 'false'),
(434, 80, 1, 'm.gamez@bamf.com.mx', '2016-02-16 12:00:00', '2016-02-16 13:00:00', 1, 'false'),
(435, 90, 1, 'm.gamez@bamf.com.mx', '2016-02-16 11:00:00', '2016-02-16 12:00:00', 1, 'false'),
(436, 91, 1, 'm.gamez@bamf.com.mx', '2016-02-16 10:00:00', '2016-02-16 11:00:00', 1, 'false'),
(440, 41, 1, 'd.alvarez@bamf.com.mx', '2016-02-17 15:00:00', '2016-02-17 19:00:00', 4, 'false'),
(441, 89, 1, 'd.alvarez@bamf.com.mx', '2016-02-18 08:30:00', '2016-02-18 13:00:00', 4, 'false'),
(444, 78, 2, 'p.esparza@bamf.com.mx', '2016-02-17 10:00:00', '2016-02-17 11:30:00', 1, 'false'),
(445, 3, 1, 'p.esparza@bamf.com.mx', '2016-02-17 11:30:00', '2016-02-17 13:00:00', 1, 'false'),
(446, 3, 1, 'd.alvarez@bamf.com.mx', '2016-02-17 08:30:00', '2016-02-17 13:00:00', 4, 'false'),
(448, 92, 1, 'j.galvan@bamf.com.mx', '2016-02-15 09:00:00', '2016-02-15 13:00:00', 4, 'false'),
(449, 92, 1, 'a.chicurel@bamf.com.mx', '2016-02-15 09:00:00', '2016-02-15 13:00:00', 4, 'false'),
(450, 92, 1, 'k.garcia@bamf.com.mx', '2016-02-15 09:00:00', '2016-02-15 13:00:00', 4, 'false'),
(453, 93, 1, 'k.garcia@bamf.com.mx', '2016-02-17 11:30:00', '2016-02-17 13:00:00', 1, 'false'),
(454, 94, 1, 'k.garcia@bamf.com.mx', '2016-02-17 10:00:00', '2016-02-17 11:30:00', 1, 'false'),
(455, 63, 2, 'a.chicurel@bamf.com.mx', '2016-02-18 09:00:00', '2016-02-18 11:00:00', 2, 'false'),
(456, 45, 1, 'a.chicurel@bamf.com.mx', '2016-02-18 11:00:00', '2016-02-18 13:00:00', 2, 'false'),
(457, 95, 3, 'a.chicurel@bamf.com.mx', '2016-02-19 09:00:00', '2016-02-19 19:00:00', 10, 'false'),
(458, 26, 1, 'j.galvan@bamf.com.mx', '2016-02-17 10:00:00', '2016-02-17 11:30:00', 1, 'false'),
(460, 51, 1, 'j.galvan@bamf.com.mx', '2016-02-17 15:00:00', '2016-02-17 17:00:00', 2, 'false'),
(461, 57, 1, 'j.galvan@bamf.com.mx', '2016-02-17 11:30:00', '2016-02-17 13:00:00', 1, 'false'),
(463, 43, 1, 'v.salazar@bamf.com.mx', '2016-02-19 12:00:00', '2016-02-19 15:00:00', 3, 'false'),
(464, 57, 1, 'r.cuello@bamf.com.mx', '2016-02-18 15:00:00', '2016-02-18 19:00:00', 4, 'false'),
(465, 46, 1, 'r.cuello@bamf.com.mx', '2016-02-18 10:00:00', '2016-02-18 13:00:00', 3, 'false'),
(466, 49, 2, 'p.esparza@bamf.com.mx', '2016-02-17 15:00:00', '2016-02-17 19:00:00', 4, 'false'),
(467, 51, 1, 'p.esparza@bamf.com.mx', '2016-02-18 10:00:00', '2016-02-18 13:00:00', 3, 'false'),
(468, 76, 1, 's.malvaez@bamf.com.mx', '2016-02-18 11:30:00', '2016-02-18 13:00:00', 1, 'false'),
(469, 43, 1, 'c.muniain@bamf.com.mx', '2016-02-17 15:00:00', '2016-02-17 19:00:00', 4, 'false'),
(470, 59, 1, 'm.gamez@bamf.com.mx', '2016-02-17 10:00:00', '2016-02-17 11:30:00', 1, 'false'),
(471, 71, 1, 'm.gamez@bamf.com.mx', '2016-02-17 16:30:00', '2016-02-17 18:00:00', 1, 'false'),
(472, 85, 3, 'm.gamez@bamf.com.mx', '2016-02-17 15:00:00', '2016-02-17 16:30:00', 1, 'false'),
(473, 49, 2, 'h.ramirez@bamf.com.mx', '2016-02-17 10:00:00', '2016-02-17 13:00:00', 3, 'false'),
(474, 49, 2, 'h.ramirez@bamf.com.mx', '2016-02-17 15:00:00', '2016-02-17 16:00:00', 1, 'false'),
(475, 49, 2, 'h.ramirez@bamf.com.mx', '2016-02-18 10:00:00', '2016-02-18 13:00:00', 3, 'false'),
(476, 56, 3, 'h.ramirez@bamf.com.mx', '2016-02-18 15:00:00', '2016-02-18 19:00:00', 4, 'false'),
(477, 96, 1, 'j.galvan@bamf.com.mx', '2016-02-18 10:00:00', '2016-02-18 13:00:00', 3, 'false'),
(478, 71, 1, 'v.salazar@bamf.com.mx', '2016-02-17 15:00:00', '2016-02-17 19:00:00', 4, 'false'),
(479, 93, 1, 'k.garcia@bamf.com.mx', '2016-02-18 10:00:00', '2016-02-18 11:30:00', 1, 'false'),
(480, 78, 2, 's.malvaez@bamf.com.mx', '2016-02-18 10:00:00', '2016-02-18 11:30:00', 1, 'false'),
(481, 92, 1, 'p.esparza@bamf.com.mx', '2016-02-15 09:00:00', '2016-02-15 13:00:00', 4, 'false'),
(482, 80, 1, 'm.gamez@bamf.com.mx', '2016-02-17 11:30:00', '2016-02-17 13:00:00', 1, 'false'),
(483, 43, 1, 'a.chicurel@bamf.com.mx', '2016-02-18 15:00:00', '2016-02-18 19:00:00', 4, 'false'),
(484, 43, 1, 'k.garcia@bamf.com.mx', '2016-02-18 15:00:00', '2016-02-18 19:00:00', 4, 'false'),
(485, 43, 1, 's.malvaez@bamf.com.mx', '2016-02-18 15:00:00', '2016-02-18 19:00:00', 4, 'false'),
(486, 43, 1, 'd.alvarez@bamf.com.mx', '2016-02-18 15:00:00', '2016-02-18 19:00:00', 4, 'false'),
(487, 49, 2, 'p.esparza@bamf.com.mx', '2016-02-18 15:00:00', '2016-02-18 19:00:00', 4, 'false'),
(488, 49, 2, 'c.muniain@bamf.com.mx', '2016-02-18 15:00:00', '2016-02-18 19:00:00', 4, 'false'),
(489, 97, 2, 'h.ramirez@bamf.com.mx', '2016-02-17 16:00:00', '2016-02-17 19:00:00', 3, 'false'),
(490, 49, 2, 'h.ramirez@bamf.com.mx', '2016-02-19 10:00:00', '2016-02-19 13:00:00', 3, 'false'),
(491, 97, 2, 'h.ramirez@bamf.com.mx', '2016-02-19 15:00:00', '2016-02-19 19:00:00', 4, 'false'),
(492, 76, 1, 's.malvaez@bamf.com.mx', '2016-02-19 10:00:00', '2016-02-19 11:30:00', 1, 'false'),
(494, 100, 2, 's.malvaez@bamf.com.mx', '2016-02-19 13:00:00', '2016-02-19 14:30:00', 1, 'false'),
(495, 8, 1, 'd.alvarez@bamf.com.mx', '2016-02-19 08:30:00', '2016-02-19 14:30:00', 6, 'false'),
(496, 32, 1, 'k.garcia@bamf.com.mx', '2016-02-19 10:00:00', '2016-02-19 15:00:00', 5, 'false'),
(497, 49, 2, 'p.esparza@bamf.com.mx', '2016-02-19 11:30:00', '2016-02-19 14:30:00', 3, 'false'),
(498, 71, 1, 'm.gamez@bamf.com.mx', '2016-02-18 15:00:00', '2016-02-18 16:30:00', 1, 'false'),
(499, 99, 1, 'v.salazar@bamf.com.mx', '2016-02-19 09:30:00', '2016-02-19 12:00:00', 2, 'false'),
(500, 92, 1, 'p.esparza@bamf.com.mx', '2016-02-19 10:00:00', '2016-02-19 11:30:00', 1, 'false'),
(501, 101, 1, 's.malvaez@bamf.com.mx', '2016-02-19 11:30:00', '2016-02-19 13:00:00', 1, 'false'),
(502, 41, 1, 'j.galvan@bamf.com.mx', '2016-02-22 10:00:00', '2016-02-22 11:30:00', 1, 'false'),
(503, 33, 2, 'j.galvan@bamf.com.mx', '2016-02-22 11:30:00', '2016-02-22 13:00:00', 1, 'false'),
(504, 92, 1, 'j.galvan@bamf.com.mx', '2016-02-22 15:00:00', '2016-02-22 18:00:00', 3, 'false'),
(505, 5, 1, 'j.galvan@bamf.com.mx', '2016-02-22 18:00:00', '2016-02-22 19:00:00', 1, 'false'),
(506, 102, 1, 'v.salazar@bamf.com.mx', '2016-02-22 10:00:00', '2016-02-22 13:00:00', 3, 'false'),
(507, 83, 1, 'a.chicurel@bamf.com.mx', '2016-02-22 10:00:00', '2016-02-22 13:00:00', 3, 'false'),
(508, 71, 1, 'v.salazar@bamf.com.mx', '2016-02-22 15:00:00', '2016-02-22 19:00:00', 4, 'false'),
(509, 102, 1, 'r.cuello@bamf.com.mx', '2016-02-22 10:00:00', '2016-02-22 13:00:00', 3, 'false'),
(510, 88, 1, 'r.cuello@bamf.com.mx', '2016-02-22 15:00:00', '2016-02-22 19:00:00', 4, 'false'),
(512, 92, 1, 'k.garcia@bamf.com.mx', '2016-02-22 15:00:00', '2016-02-22 19:00:00', 4, 'false'),
(513, 100, 2, 'd.alvarez@bamf.com.mx', '2016-02-22 09:00:00', '2016-02-22 10:30:00', 1, 'false'),
(514, 84, 1, 'd.alvarez@bamf.com.mx', '2016-02-22 10:30:00', '2016-02-22 13:00:00', 2, 'false'),
(515, 100, 2, 'd.alvarez@bamf.com.mx', '2016-02-22 15:00:00', '2016-02-22 19:00:00', 4, 'false'),
(516, 95, 3, 'c.muniain@bamf.com.mx', '2016-02-16 15:00:00', '2016-02-16 19:00:00', 4, 'false'),
(517, 51, 1, 'c.muniain@bamf.com.mx', '2016-02-22 15:00:00', '2016-02-22 19:00:00', 4, 'false'),
(518, 49, 2, 'h.ramirez@bamf.com.mx', '2016-02-22 10:00:00', '2016-02-22 12:00:00', 2, 'false'),
(519, 49, 2, 'h.ramirez@bamf.com.mx', '2016-02-22 15:00:00', '2016-02-22 18:00:00', 3, 'false'),
(521, 84, 1, 'p.esparza@bamf.com.mx', '2016-02-22 10:00:00', '2016-02-22 13:00:00', 3, 'false'),
(522, 92, 1, 'p.esparza@bamf.com.mx', '2016-02-22 15:00:00', '2016-02-22 19:00:00', 4, 'false'),
(524, 86, 2, 'm.gamez@bamf.com.mx', '2016-02-19 10:00:00', '2016-02-19 11:30:00', 1, 'false'),
(525, 59, 1, 'm.gamez@bamf.com.mx', '2016-02-19 11:30:00', '2016-02-19 13:00:00', 1, 'false'),
(526, 104, 3, 'm.gamez@bamf.com.mx', '2016-02-18 10:00:00', '2016-02-18 11:00:00', 1, 'false'),
(527, 77, 1, 'm.gamez@bamf.com.mx', '2016-02-18 11:00:00', '2016-02-18 12:00:00', 1, 'false'),
(530, 62, 1, 'm.gamez@bamf.com.mx', '2016-02-18 12:00:00', '2016-02-18 13:00:00', 1, 'false'),
(531, 96, 1, 'm.gamez@bamf.com.mx', '2016-02-18 16:30:00', '2016-02-18 18:00:00', 1, 'false'),
(532, 95, 3, 's.malvaez@bamf.com.mx', '2016-02-22 09:00:00', '2016-02-22 19:00:00', 10, 'false'),
(533, 22, 1, 'm.gamez@bamf.com.mx', '2016-02-19 13:00:00', '2016-02-19 14:30:00', 1, 'false'),
(534, 33, 2, 'a.chicurel@bamf.com.mx', '2016-02-22 15:00:00', '2016-02-22 19:00:00', 4, 'false'),
(535, 102, 1, 'r.rodriguez@bamf.com.mx', '2016-02-22 10:00:00', '2016-02-22 13:00:00', 3, 'false'),
(536, 46, 1, 'r.rodriguez@bamf.com.mx', '2016-02-22 15:00:00', '2016-02-22 19:00:00', 4, 'false'),
(537, 32, 1, 'k.garcia@bamf.com.mx', '2016-02-22 10:00:00', '2016-02-22 13:00:00', 3, 'false'),
(538, 105, 1, 'k.garcia@bamf.com.mx', '2016-02-23 10:00:00', '2016-02-23 13:00:00', 3, 'false'),
(539, 93, 1, 'k.garcia@bamf.com.mx', '2016-02-23 15:00:00', '2016-02-23 19:00:00', 4, 'false'),
(540, 76, 1, 's.malvaez@bamf.com.mx', '2016-02-23 09:00:00', '2016-02-23 11:00:00', 2, 'false'),
(541, 101, 1, 's.malvaez@bamf.com.mx', '2016-02-23 11:00:00', '2016-02-23 13:00:00', 2, 'false'),
(542, 101, 1, 's.malvaez@bamf.com.mx', '2016-02-23 15:00:00', '2016-02-23 19:00:00', 4, 'false'),
(543, 100, 2, 'd.alvarez@bamf.com.mx', '2016-02-23 16:30:00', '2016-02-23 19:00:00', 2, 'false'),
(544, 108, 1, 'a.chicurel@bamf.com.mx', '2016-02-23 09:00:00', '2016-02-23 13:00:00', 4, 'false'),
(545, 108, 1, 'a.chicurel@bamf.com.mx', '2016-02-23 15:00:00', '2016-02-23 19:00:00', 4, 'false'),
(546, 108, 1, 'd.alvarez@bamf.com.mx', '2016-02-23 09:00:00', '2016-02-23 13:00:00', 4, 'false'),
(547, 108, 1, 'd.alvarez@bamf.com.mx', '2016-02-23 15:00:00', '2016-02-23 16:30:00', 1, 'false'),
(548, 84, 1, 'd.alvarez@bamf.com.mx', '2016-02-24 09:00:00', '2016-02-24 13:00:00', 4, 'false'),
(549, 51, 1, 'd.alvarez@bamf.com.mx', '2016-02-24 15:00:00', '2016-02-24 19:00:00', 4, 'false'),
(550, 108, 1, 'c.muniain@bamf.com.mx', '2016-02-23 15:00:00', '2016-02-23 19:00:00', 4, 'false'),
(551, 97, 2, 'h.ramirez@bamf.com.mx', '2016-02-22 12:00:00', '2016-02-22 13:00:00', 1, 'false'),
(552, 69, 2, 'h.ramirez@bamf.com.mx', '2016-02-22 18:00:00', '2016-02-22 19:00:00', 1, 'false'),
(553, 49, 2, 'h.ramirez@bamf.com.mx', '2016-02-23 10:00:00', '2016-02-23 13:00:00', 3, 'false'),
(554, 49, 2, 'h.ramirez@bamf.com.mx', '2016-02-23 15:00:00', '2016-02-23 19:00:00', 4, 'false'),
(558, 59, 1, 'm.gamez@bamf.com.mx', '2016-02-22 10:00:00', '2016-02-22 11:30:00', 1, 'false'),
(559, 10, 1, 'm.gamez@bamf.com.mx', '2016-02-22 11:30:00', '2016-02-22 13:00:00', 1, 'false'),
(561, 58, 1, 'm.gamez@bamf.com.mx', '2016-02-22 15:00:00', '2016-02-22 19:00:00', 4, 'false'),
(563, 110, 1, 'r.rodriguez@bamf.com.mx', '2016-02-23 15:00:00', '2016-02-23 19:00:00', 4, 'false'),
(564, 111, 1, 'r.rodriguez@bamf.com.mx', '2016-02-23 10:00:00', '2016-02-23 13:00:00', 3, 'false'),
(565, 113, 1, 'j.galvan@bamf.com.mx', '2016-02-23 10:00:00', '2016-02-23 13:00:00', 3, 'false'),
(567, 49, 2, 'p.esparza@bamf.com.mx', '2016-02-23 10:00:00', '2016-02-23 13:00:00', 3, 'false'),
(568, 55, 1, 'p.esparza@bamf.com.mx', '2016-02-23 15:00:00', '2016-02-23 19:00:00', 4, 'false'),
(569, 51, 1, 'p.esparza@bamf.com.mx', '2016-02-24 15:00:00', '2016-02-24 19:00:00', 4, 'false'),
(570, 84, 1, 'p.esparza@bamf.com.mx', '2016-02-24 10:00:00', '2016-02-24 13:00:00', 3, 'false'),
(572, 55, 1, 'p.esparza@bamf.com.mx', '2016-02-25 15:00:00', '2016-02-25 19:00:00', 4, 'false'),
(573, 108, 1, 'r.cuello@bamf.com.mx', '2016-02-23 10:00:00', '2016-02-23 13:00:00', 3, 'false'),
(574, 114, 1, 'j.galvan@bamf.com.mx', '2016-02-23 15:00:00', '2016-02-23 19:00:00', 4, 'false'),
(578, 96, 1, 'j.galvan@bamf.com.mx', '2016-02-25 10:00:00', '2016-02-25 13:00:00', 3, 'false'),
(579, 33, 2, 'j.galvan@bamf.com.mx', '2016-02-25 15:00:00', '2016-02-25 19:00:00', 4, 'false'),
(580, 115, 1, 'v.salazar@bamf.com.mx', '2016-02-23 15:00:00', '2016-02-23 19:00:00', 4, 'false'),
(581, 59, 1, 'v.salazar@bamf.com.mx', '2016-02-23 10:00:00', '2016-02-23 13:00:00', 3, 'false'),
(582, 51, 1, 'v.salazar@bamf.com.mx', '2016-02-24 15:00:00', '2016-02-24 19:00:00', 4, 'false'),
(585, 83, 1, 'a.chicurel@bamf.com.mx', '2016-02-24 09:00:00', '2016-02-24 13:00:00', 4, 'false'),
(587, 43, 1, 'a.chicurel@bamf.com.mx', '2016-02-25 15:00:00', '2016-02-25 19:00:00', 4, 'false'),
(588, 88, 1, 'r.cuello@bamf.com.mx', '2016-02-23 15:00:00', '2016-02-23 19:00:00', 4, 'false'),
(590, 51, 1, 'k.garcia@bamf.com.mx', '2016-02-24 18:00:00', '2016-02-24 19:00:00', 1, 'false'),
(591, 83, 1, 's.malvaez@bamf.com.mx', '2016-02-24 10:00:00', '2016-02-24 13:00:00', 3, 'false'),
(592, 51, 1, 's.malvaez@bamf.com.mx', '2016-02-24 15:00:00', '2016-02-24 19:00:00', 4, 'false'),
(593, 63, 2, 'm.gamez@bamf.com.mx', '2016-02-23 10:00:00', '2016-02-23 11:30:00', 1, 'false'),
(594, 77, 1, 'm.gamez@bamf.com.mx', '2016-02-23 11:30:00', '2016-02-23 13:00:00', 1, 'false'),
(595, 59, 1, 'm.gamez@bamf.com.mx', '2016-02-23 15:00:00', '2016-02-23 17:00:00', 2, 'false'),
(596, 41, 1, 'j.galvan@bamf.com.mx', '2016-02-24 10:00:00', '2016-02-24 11:30:00', 1, 'false'),
(597, 43, 1, 'v.salazar@bamf.com.mx', '2016-02-24 10:00:00', '2016-02-24 13:00:00', 3, 'false'),
(598, 117, 1, 'r.cuello@bamf.com.mx', '2016-02-24 10:00:00', '2016-02-24 13:00:00', 3, 'false'),
(599, 97, 2, 'h.ramirez@bamf.com.mx', '2016-02-24 10:00:00', '2016-02-24 11:00:00', 1, 'false'),
(600, 49, 2, 'h.ramirez@bamf.com.mx', '2016-02-24 11:00:00', '2016-02-24 13:00:00', 2, 'false'),
(601, 69, 2, 'h.ramirez@bamf.com.mx', '2016-02-24 15:00:00', '2016-02-24 19:00:00', 4, 'false'),
(602, 92, 1, 'k.garcia@bamf.com.mx', '2016-02-24 10:00:00', '2016-02-24 13:00:00', 3, 'false'),
(603, 58, 1, 'r.rodriguez@bamf.com.mx', '2016-02-24 10:00:00', '2016-02-24 13:00:00', 3, 'false'),
(604, 26, 1, 'a.chicurel@bamf.com.mx', '2016-02-24 15:00:00', '2016-02-24 19:00:00', 4, 'false'),
(605, 33, 2, 'j.galvan@bamf.com.mx', '2016-02-24 11:30:00', '2016-02-24 13:00:00', 1, 'false'),
(606, 102, 1, 'j.galvan@bamf.com.mx', '2016-02-24 15:00:00', '2016-02-24 17:00:00', 2, 'false'),
(607, 113, 1, 'j.galvan@bamf.com.mx', '2016-02-24 17:00:00', '2016-02-24 19:00:00', 2, 'false'),
(608, 33, 2, 'v.salazar@bamf.com.mx', '2016-02-25 15:00:00', '2016-02-25 19:00:00', 4, 'false'),
(609, 26, 1, 'a.chicurel@bamf.com.mx', '2016-02-25 10:00:00', '2016-02-25 11:30:00', 1, 'false'),
(610, 43, 1, 'a.chicurel@bamf.com.mx', '2016-02-25 11:30:00', '2016-02-25 13:00:00', 1, 'false'),
(611, 57, 1, 'r.cuello@bamf.com.mx', '2016-02-24 15:00:00', '2016-02-24 19:00:00', 4, 'false'),
(612, 118, 1, 'r.cuello@bamf.com.mx', '2016-02-25 10:00:00', '2016-02-25 13:00:00', 3, 'false'),
(613, 105, 1, 'k.garcia@bamf.com.mx', '2016-02-25 15:00:00', '2016-02-25 19:00:00', 4, 'false'),
(614, 43, 1, 'p.esparza@bamf.com.mx', '2016-02-25 10:00:00', '2016-02-25 11:30:00', 1, 'false'),
(615, 107, 1, 's.malvaez@bamf.com.mx', '2016-02-25 15:00:00', '2016-02-25 19:00:00', 4, 'false'),
(616, 43, 1, 'r.rodriguez@bamf.com.mx', '2016-02-25 10:00:00', '2016-02-25 13:00:00', 3, 'false'),
(617, 43, 1, 'r.rodriguez@bamf.com.mx', '2016-02-25 15:00:00', '2016-02-25 19:00:00', 4, 'false'),
(618, 119, 1, 'd.alvarez@bamf.com.mx', '2016-02-25 09:00:00', '2016-02-25 13:00:00', 4, 'false'),
(619, 43, 1, 'd.alvarez@bamf.com.mx', '2016-02-25 15:00:00', '2016-02-25 19:00:00', 4, 'false'),
(620, 119, 1, 's.malvaez@bamf.com.mx', '2016-02-25 10:00:00', '2016-02-25 13:00:00', 3, 'false'),
(621, 119, 1, 'k.garcia@bamf.com.mx', '2016-02-25 10:00:00', '2016-02-25 13:00:00', 3, 'false'),
(622, 119, 1, 'v.salazar@bamf.com.mx', '2016-02-25 10:00:00', '2016-02-25 11:30:00', 1, 'false'),
(623, 63, 2, 'v.salazar@bamf.com.mx', '2016-02-25 11:30:00', '2016-02-25 13:00:00', 1, 'false'),
(628, 92, 1, 'k.garcia@bamf.com.mx', '2016-02-24 15:00:00', '2016-02-24 18:00:00', 3, 'false'),
(629, 51, 1, 'k.garcia@bamf.com.mx', '2016-02-26 10:00:00', '2016-02-26 13:00:00', 3, 'false'),
(630, 119, 1, 'p.esparza@bamf.com.mx', '2016-02-25 11:30:00', '2016-02-25 13:00:00', 1, 'false'),
(631, 55, 1, 'p.esparza@bamf.com.mx', '2016-02-26 10:00:00', '2016-02-26 15:00:00', 5, 'false'),
(632, 101, 1, 's.malvaez@bamf.com.mx', '2016-02-26 10:00:00', '2016-02-26 15:00:00', 5, 'false'),
(634, 49, 2, 'h.ramirez@bamf.com.mx', '2016-02-25 15:00:00', '2016-02-25 19:00:00', 4, 'false'),
(635, 56, 3, 'h.ramirez@bamf.com.mx', '2016-02-25 11:30:00', '2016-02-25 13:00:00', 1, 'false'),
(636, 122, 3, 'h.ramirez@bamf.com.mx', '2016-02-25 10:00:00', '2016-02-25 11:30:00', 1, 'false'),
(637, 49, 2, 'h.ramirez@bamf.com.mx', '2016-02-26 10:00:00', '2016-02-26 15:00:00', 5, 'false'),
(638, 121, 1, 'r.rodriguez@bamf.com.mx', '2016-02-24 15:00:00', '2016-02-24 19:00:00', 4, 'false'),
(639, 121, 1, 'r.rodriguez@bamf.com.mx', '2016-02-26 10:00:00', '2016-02-26 15:00:00', 5, 'false'),
(640, 123, 1, 'a.chicurel@bamf.com.mx', '2016-02-26 10:00:00', '2016-02-26 12:30:00', 2, 'false'),
(641, 116, 3, 'm.gamez@bamf.com.mx', '2016-02-23 17:00:00', '2016-02-23 19:00:00', 2, 'false'),
(642, 77, 1, 'm.gamez@bamf.com.mx', '2016-02-24 10:00:00', '2016-02-24 11:30:00', 1, 'false'),
(644, 96, 1, 'j.galvan@bamf.com.mx', '2016-02-26 12:00:00', '2016-02-26 15:00:00', 3, 'false'),
(645, 118, 1, 'r.cuello@bamf.com.mx', '2016-02-25 15:00:00', '2016-02-25 19:00:00', 4, 'false'),
(646, 51, 1, 'r.cuello@bamf.com.mx', '2016-02-26 10:00:00', '2016-02-26 15:00:00', 5, 'false'),
(647, 51, 1, 'c.muniain@bamf.com.mx', '2016-02-25 15:00:00', '2016-02-25 19:00:00', 4, 'false'),
(648, 57, 1, 'j.galvan@bamf.com.mx', '2016-02-26 10:00:00', '2016-02-26 12:00:00', 2, 'false'),
(649, 71, 1, 'v.salazar@bamf.com.mx', '2016-02-26 10:00:00', '2016-02-26 13:00:00', 3, 'false'),
(650, 33, 2, 'v.salazar@bamf.com.mx', '2016-02-26 13:00:00', '2016-02-26 15:00:00', 2, 'false'),
(651, 123, 1, 'd.alvarez@bamf.com.mx', '2016-02-26 09:00:00', '2016-02-26 12:30:00', 3, 'false'),
(652, 49, 2, 'd.alvarez@bamf.com.mx', '2016-02-26 12:30:00', '2016-02-26 15:00:00', 2, 'false'),
(653, 57, 1, 'a.chicurel@bamf.com.mx', '2016-02-26 12:30:00', '2016-02-26 15:00:00', 2, 'false'),
(655, 33, 2, 'j.galvan@bamf.com.mx', '2016-02-29 15:00:00', '2016-02-29 19:00:00', 4, 'false'),
(656, 119, 1, 'v.salazar@bamf.com.mx', '2016-02-29 10:00:00', '2016-02-29 13:00:00', 3, 'false'),
(657, 115, 1, 'v.salazar@bamf.com.mx', '2016-02-29 15:00:00', '2016-02-29 19:00:00', 4, 'false'),
(658, 124, 1, 'a.chicurel@bamf.com.mx', '2016-02-29 10:00:00', '2016-02-29 13:00:00', 3, 'false'),
(659, 51, 1, 'a.chicurel@bamf.com.mx', '2016-02-29 15:00:00', '2016-02-29 19:00:00', 4, 'false'),
(662, 49, 2, 'p.esparza@bamf.com.mx', '2016-02-29 10:00:00', '2016-02-29 13:00:00', 3, 'false'),
(664, 103, 1, 's.malvaez@bamf.com.mx', '2016-02-29 10:00:00', '2016-02-29 11:30:00', 1, 'false'),
(665, 107, 1, 's.malvaez@bamf.com.mx', '2016-02-29 11:30:00', '2016-02-29 13:00:00', 1, 'false'),
(666, 119, 1, 's.malvaez@bamf.com.mx', '2016-02-29 15:00:00', '2016-02-29 19:30:00', 4, 'false'),
(667, 49, 2, 'd.alvarez@bamf.com.mx', '2016-02-29 08:30:00', '2016-02-29 11:00:00', 2, 'false'),
(668, 100, 2, 'd.alvarez@bamf.com.mx', '2016-02-29 11:00:00', '2016-02-29 13:00:00', 2, 'false'),
(669, 119, 1, 'd.alvarez@bamf.com.mx', '2016-02-29 15:00:00', '2016-02-29 19:00:00', 4, 'false'),
(670, 49, 2, 'h.ramirez@bamf.com.mx', '2016-02-29 10:00:00', '2016-02-29 13:00:00', 3, 'false'),
(671, 56, 3, 'h.ramirez@bamf.com.mx', '2016-02-29 15:00:00', '2016-02-29 19:00:00', 4, 'false'),
(672, 43, 1, 'r.rodriguez@bamf.com.mx', '2016-02-29 10:00:00', '2016-02-29 13:00:00', 3, 'false'),
(673, 51, 1, 'c.muniain@bamf.com.mx', '2016-02-26 15:00:00', '2016-02-26 19:00:00', 4, 'false'),
(674, 125, 3, 'm.gamez@bamf.com.mx', '2016-02-25 10:00:00', '2016-02-25 12:00:00', 2, 'false'),
(675, 116, 3, 'm.gamez@bamf.com.mx', '2016-02-25 12:00:00', '2016-02-25 13:00:00', 1, 'false'),
(676, 127, 2, 'j.galvan@bamf.com.mx', '2016-02-29 10:00:00', '2016-02-29 13:00:00', 3, 'false'),
(677, 25, 1, 'j.galvan@bamf.com.mx', '2016-03-01 10:00:00', '2016-03-01 13:00:00', 3, 'false'),
(678, 118, 1, 'v.salazar@bamf.com.mx', '2016-03-01 10:00:00', '2016-03-01 13:00:00', 3, 'false'),
(679, 118, 1, 'v.salazar@bamf.com.mx', '2016-03-01 15:00:00', '2016-03-01 19:00:00', 4, 'false'),
(680, 43, 1, 'a.chicurel@bamf.com.mx', '2016-03-01 11:30:00', '2016-03-01 13:00:00', 1, 'false'),
(681, 128, 1, 'a.chicurel@bamf.com.mx', '2016-03-01 10:00:00', '2016-03-01 11:30:00', 1, 'false'),
(682, 102, 1, 'r.rodriguez@bamf.com.mx', '2016-03-01 10:00:00', '2016-03-01 11:00:00', 1, 'false'),
(683, 129, 1, 'a.chicurel@bamf.com.mx', '2016-03-01 15:00:00', '2016-03-01 19:00:00', 4, 'false'),
(685, 131, 2, 'r.rodriguez@bamf.com.mx', '2016-03-01 11:00:00', '2016-03-01 13:00:00', 2, 'false'),
(686, 129, 1, 'r.rodriguez@bamf.com.mx', '2016-03-01 15:00:00', '2016-03-01 19:00:00', 4, 'false'),
(687, 105, 1, 'k.garcia@bamf.com.mx', '2016-02-29 10:00:00', '2016-02-29 13:00:00', 3, 'false'),
(688, 105, 1, 'k.garcia@bamf.com.mx', '2016-02-29 15:00:00', '2016-02-29 19:00:00', 4, 'false'),
(689, 107, 1, 'k.garcia@bamf.com.mx', '2016-03-01 10:00:00', '2016-03-01 13:00:00', 3, 'false'),
(690, 119, 1, 'k.garcia@bamf.com.mx', '2016-03-01 15:00:00', '2016-03-01 17:00:00', 2, 'false'),
(691, 93, 1, 'k.garcia@bamf.com.mx', '2016-03-01 17:00:00', '2016-03-01 19:00:00', 2, 'false'),
(692, 119, 1, 'p.esparza@bamf.com.mx', '2016-03-01 10:00:00', '2016-03-01 13:00:00', 3, 'false'),
(693, 101, 1, 'p.esparza@bamf.com.mx', '2016-02-29 15:00:00', '2016-02-29 19:00:00', 4, 'false'),
(695, 126, 1, 'd.alvarez@bamf.com.mx', '2016-03-02 15:00:00', '2016-03-02 19:00:00', 4, 'false'),
(696, 102, 1, 'r.rodriguez@bamf.com.mx', '2016-02-29 15:00:00', '2016-02-29 19:00:00', 4, 'false'),
(697, 133, 1, 'j.galvan@bamf.com.mx', '2016-03-02 10:00:00', '2016-03-02 13:00:00', 3, 'false');
INSERT INTO `participantes` (`idEvento`, `idProyecto`, `idEtapa`, `correoElectronico`, `startdate`, `enddate`, `horas`, `allDay`) VALUES
(698, 77, 1, 'j.galvan@bamf.com.mx', '2016-03-01 15:00:00', '2016-03-01 16:30:00', 1, 'false'),
(699, 33, 2, 'j.galvan@bamf.com.mx', '2016-03-02 15:00:00', '2016-03-02 19:00:00', 4, 'false'),
(700, 43, 1, 'v.salazar@bamf.com.mx', '2016-03-02 10:00:00', '2016-03-02 13:00:00', 3, 'false'),
(701, 134, 1, 'v.salazar@bamf.com.mx', '2016-03-02 15:00:00', '2016-03-02 19:00:00', 4, 'false'),
(702, 135, 1, 'a.chicurel@bamf.com.mx', '2016-03-02 10:00:00', '2016-03-02 13:00:00', 3, 'false'),
(704, 130, 1, 'a.chicurel@bamf.com.mx', '2016-03-02 15:00:00', '2016-03-02 16:30:00', 1, 'false'),
(706, 129, 1, 'a.chicurel@bamf.com.mx', '2016-03-02 16:30:00', '2016-03-02 19:00:00', 2, 'false'),
(707, 136, 1, 'r.rodriguez@bamf.com.mx', '2016-03-02 10:00:00', '2016-03-02 13:00:00', 3, 'false'),
(708, 129, 1, 'r.rodriguez@bamf.com.mx', '2016-03-02 15:00:00', '2016-03-02 19:00:00', 4, 'false'),
(710, 93, 1, 'k.garcia@bamf.com.mx', '2016-03-02 10:00:00', '2016-03-02 13:00:00', 3, 'false'),
(711, 137, 1, 'k.garcia@bamf.com.mx', '2016-03-02 15:00:00', '2016-03-02 19:00:00', 4, 'false'),
(712, 33, 2, 'p.esparza@bamf.com.mx', '2016-03-02 15:00:00', '2016-03-02 19:00:00', 4, 'false'),
(713, 48, 1, 'p.esparza@bamf.com.mx', '2016-03-01 15:00:00', '2016-03-01 19:00:00', 4, 'false'),
(714, 55, 1, 'p.esparza@bamf.com.mx', '2016-03-02 10:00:00', '2016-03-02 13:00:00', 3, 'false'),
(715, 126, 1, 'd.alvarez@bamf.com.mx', '2016-03-02 08:30:00', '2016-03-02 13:00:00', 4, 'false'),
(716, 49, 2, 'd.alvarez@bamf.com.mx', '2016-03-01 08:30:00', '2016-03-01 10:30:00', 2, 'false'),
(717, 100, 2, 'd.alvarez@bamf.com.mx', '2016-03-01 10:30:00', '2016-03-01 13:00:00', 2, 'false'),
(718, 126, 1, 'd.alvarez@bamf.com.mx', '2016-03-01 15:00:00', '2016-03-01 19:00:00', 4, 'false'),
(719, 84, 1, 'c.muniain@bamf.com.mx', '2016-03-01 15:00:00', '2016-03-01 19:00:00', 4, 'false'),
(720, 59, 1, 'm.gamez@bamf.com.mx', '2016-02-26 10:00:00', '2016-02-26 12:00:00', 2, 'false'),
(721, 57, 1, 'm.gamez@bamf.com.mx', '2016-02-26 12:00:00', '2016-02-26 14:00:00', 2, 'false'),
(722, 133, 1, 'm.gamez@bamf.com.mx', '2016-02-26 14:00:00', '2016-02-26 15:00:00', 1, 'false'),
(723, 138, 3, 'm.gamez@bamf.com.mx', '2016-02-25 15:00:00', '2016-02-25 17:00:00', 2, 'false'),
(724, 59, 1, 'm.gamez@bamf.com.mx', '2016-02-25 17:00:00', '2016-02-25 19:00:00', 2, 'false'),
(725, 57, 1, 'm.gamez@bamf.com.mx', '2016-02-29 10:00:00', '2016-02-29 13:00:00', 3, 'false'),
(726, 62, 1, 'm.gamez@bamf.com.mx', '2016-02-24 15:00:00', '2016-02-24 17:00:00', 2, 'false'),
(727, 139, 3, 'm.gamez@bamf.com.mx', '2016-02-29 15:00:00', '2016-02-29 17:30:00', 2, 'false'),
(730, 33, 2, 'j.galvan@bamf.com.mx', '2016-03-03 10:00:00', '2016-03-03 13:00:00', 3, 'false'),
(731, 33, 2, 'j.galvan@bamf.com.mx', '2016-03-03 15:00:00', '2016-03-03 19:00:00', 4, 'false'),
(732, 33, 2, 'v.salazar@bamf.com.mx', '2016-03-03 11:00:00', '2016-03-03 13:00:00', 2, 'false'),
(734, 82, 1, 'v.salazar@bamf.com.mx', '2016-03-03 10:00:00', '2016-03-03 11:00:00', 1, 'false'),
(735, 63, 2, 'r.rodriguez@bamf.com.mx', '2016-03-03 10:00:00', '2016-03-03 13:00:00', 3, 'false'),
(736, 137, 1, 'k.garcia@bamf.com.mx', '2016-03-03 10:00:00', '2016-03-03 13:00:00', 3, 'false'),
(737, 136, 1, 'k.garcia@bamf.com.mx', '2016-03-03 15:00:00', '2016-03-03 19:00:00', 4, 'false'),
(738, 55, 1, 'p.esparza@bamf.com.mx', '2016-03-03 10:00:00', '2016-03-03 13:00:00', 3, 'false'),
(739, 132, 1, 'p.esparza@bamf.com.mx', '2016-03-03 15:00:00', '2016-03-03 19:00:00', 4, 'false'),
(740, 119, 1, 'd.alvarez@bamf.com.mx', '2016-03-03 08:30:00', '2016-03-03 13:00:00', 4, 'false'),
(741, 119, 1, 'd.alvarez@bamf.com.mx', '2016-03-03 15:00:00', '2016-03-03 19:00:00', 4, 'false'),
(742, 49, 2, 'c.muniain@bamf.com.mx', '2016-03-02 15:00:00', '2016-03-02 19:00:00', 4, 'false'),
(743, 63, 2, 'm.gamez@bamf.com.mx', '2016-03-02 10:00:00', '2016-03-02 11:00:00', 1, 'false'),
(744, 85, 3, 'm.gamez@bamf.com.mx', '2016-03-02 11:00:00', '2016-03-02 12:00:00', 1, 'false'),
(745, 117, 1, 'm.gamez@bamf.com.mx', '2016-03-02 12:00:00', '2016-03-02 13:00:00', 1, 'false'),
(746, 63, 2, 'm.gamez@bamf.com.mx', '2016-02-29 17:30:00', '2016-02-29 19:00:00', 1, 'false'),
(747, 141, 1, 'a.chicurel@bamf.com.mx', '2016-03-03 10:00:00', '2016-03-03 13:00:00', 3, 'false'),
(748, 141, 1, 'a.chicurel@bamf.com.mx', '2016-03-03 15:00:00', '2016-03-03 19:00:00', 4, 'false'),
(749, 57, 1, 'm.gamez@bamf.com.mx', '2016-03-01 10:00:00', '2016-03-01 12:00:00', 2, 'false'),
(750, 85, 3, 'm.gamez@bamf.com.mx', '2016-03-01 17:00:00', '2016-03-01 19:00:00', 2, 'false'),
(751, 49, 2, 'h.ramirez@bamf.com.mx', '2016-03-01 10:00:00', '2016-03-01 13:00:00', 3, 'false'),
(752, 69, 2, 'h.ramirez@bamf.com.mx', '2016-03-01 15:00:00', '2016-03-01 19:00:00', 4, 'false'),
(753, 69, 2, 'h.ramirez@bamf.com.mx', '2016-03-02 10:00:00', '2016-03-02 13:00:00', 3, 'false'),
(754, 69, 2, 'h.ramirez@bamf.com.mx', '2016-03-02 15:00:00', '2016-03-02 19:00:00', 4, 'false'),
(755, 49, 2, 'h.ramirez@bamf.com.mx', '2016-03-03 10:00:00', '2016-03-03 13:00:00', 3, 'false'),
(756, 49, 2, 'h.ramirez@bamf.com.mx', '2016-03-03 15:00:00', '2016-03-03 19:00:00', 4, 'false'),
(757, 83, 1, 'r.rodriguez@bamf.com.mx', '2016-03-03 15:00:00', '2016-03-03 19:00:00', 4, 'false'),
(758, 115, 1, 'v.salazar@bamf.com.mx', '2016-03-03 15:00:00', '2016-03-03 17:00:00', 2, 'false'),
(759, 114, 1, 'v.salazar@bamf.com.mx', '2016-03-03 17:00:00', '2016-03-03 19:00:00', 2, 'false'),
(760, 142, 3, 'm.gamez@bamf.com.mx', '2016-02-24 11:30:00', '2016-02-24 13:00:00', 1, 'false'),
(761, 58, 1, 'm.gamez@bamf.com.mx', '2016-02-24 17:00:00', '2016-02-24 19:00:00', 2, 'false'),
(762, 106, 1, 'a.chicurel@bamf.com.mx', '2016-03-04 10:00:00', '2016-03-04 21:00:00', 11, 'false'),
(763, 106, 1, 'j.galvan@bamf.com.mx', '2016-03-04 10:00:00', '2016-03-04 21:00:00', 11, 'false'),
(764, 106, 1, 'm.gamez@bamf.com.mx', '2016-03-04 10:00:00', '2016-03-04 21:00:00', 11, 'false'),
(765, 106, 1, 'v.salazar@bamf.com.mx', '2016-03-04 10:00:00', '2016-03-04 21:00:00', 11, 'false'),
(766, 106, 1, 'r.rodriguez@bamf.com.mx', '2016-03-04 09:30:00', '2016-03-04 21:00:00', 11, 'false'),
(767, 106, 1, 'd.alvarez@bamf.com.mx', '2016-03-04 09:00:00', '2016-03-04 21:00:00', 12, 'false'),
(768, 106, 1, 'k.garcia@bamf.com.mx', '2016-03-04 10:00:00', '2016-03-04 22:00:00', 12, 'false'),
(769, 106, 1, 'p.esparza@bamf.com.mx', '2016-03-04 10:00:00', '2016-03-04 21:00:00', 11, 'false'),
(770, 106, 1, 'h.ramirez@bamf.com.mx', '2016-03-04 10:00:00', '2016-03-04 21:00:00', 11, 'false'),
(771, 41, 1, 'j.galvan@bamf.com.mx', '2016-03-07 10:00:00', '2016-03-07 13:00:00', 3, 'false'),
(772, 33, 2, 'j.galvan@bamf.com.mx', '2016-03-07 15:00:00', '2016-03-07 19:00:00', 4, 'false'),
(773, 8, 1, 'j.galvan@bamf.com.mx', '2016-03-08 15:00:00', '2016-03-08 19:00:00', 4, 'false'),
(774, 127, 2, 'j.galvan@bamf.com.mx', '2016-03-01 16:30:00', '2016-03-01 19:00:00', 2, 'false'),
(778, 128, 1, 'a.chicurel@bamf.com.mx', '2016-03-07 10:00:00', '2016-03-07 13:00:00', 3, 'false'),
(779, 128, 1, 'a.chicurel@bamf.com.mx', '2016-03-07 15:00:00', '2016-03-07 19:00:00', 4, 'false'),
(780, 143, 1, 'a.chicurel@bamf.com.mx', '2016-03-08 10:00:00', '2016-03-08 13:00:00', 3, 'false'),
(781, 144, 1, 'a.chicurel@bamf.com.mx', '2016-03-08 15:00:00', '2016-03-08 19:00:00', 4, 'false'),
(782, 114, 1, 'v.salazar@bamf.com.mx', '2016-03-07 10:00:00', '2016-03-07 13:00:00', 3, 'false'),
(783, 145, 1, 'v.salazar@bamf.com.mx', '2016-03-07 15:00:00', '2016-03-07 19:00:00', 4, 'false'),
(784, 115, 1, 'v.salazar@bamf.com.mx', '2016-03-08 10:00:00', '2016-03-08 13:00:00', 3, 'false'),
(785, 43, 1, 'v.salazar@bamf.com.mx', '2016-03-08 15:00:00', '2016-03-08 19:00:00', 4, 'false'),
(786, 143, 1, 'r.rodriguez@bamf.com.mx', '2016-03-08 10:00:00', '2016-03-08 11:30:00', 1, 'false'),
(787, 63, 2, 'r.rodriguez@bamf.com.mx', '2016-03-08 11:30:00', '2016-03-08 13:00:00', 1, 'false'),
(788, 90, 1, 'r.rodriguez@bamf.com.mx', '2016-03-08 15:00:00', '2016-03-08 19:00:00', 4, 'false'),
(789, 102, 1, 'r.rodriguez@bamf.com.mx', '2016-03-07 16:30:00', '2016-03-07 19:00:00', 2, 'false'),
(790, 126, 1, 'd.alvarez@bamf.com.mx', '2016-03-07 09:00:00', '2016-03-07 13:00:00', 4, 'false'),
(791, 126, 1, 'd.alvarez@bamf.com.mx', '2016-03-07 15:00:00', '2016-03-07 19:00:00', 4, 'false'),
(792, 143, 1, 'd.alvarez@bamf.com.mx', '2016-03-08 09:00:00', '2016-03-08 13:00:00', 4, 'false'),
(793, 146, 1, 'k.garcia@bamf.com.mx', '2016-03-07 10:00:00', '2016-03-07 13:00:00', 3, 'false'),
(794, 143, 1, 'k.garcia@bamf.com.mx', '2016-03-07 15:00:00', '2016-03-07 19:30:00', 4, 'false'),
(795, 146, 1, 'k.garcia@bamf.com.mx', '2016-03-08 15:00:00', '2016-03-08 19:30:00', 4, 'false'),
(797, 119, 1, 'p.esparza@bamf.com.mx', '2016-03-07 10:00:00', '2016-03-07 13:00:00', 3, 'false'),
(798, 143, 1, 'p.esparza@bamf.com.mx', '2016-03-07 15:00:00', '2016-03-07 19:00:00', 4, 'false'),
(799, 55, 1, 'p.esparza@bamf.com.mx', '2016-03-08 10:00:00', '2016-03-08 13:00:00', 3, 'false'),
(800, 132, 1, 'p.esparza@bamf.com.mx', '2016-03-08 15:00:00', '2016-03-08 19:00:00', 4, 'false'),
(801, 146, 1, 'd.alvarez@bamf.com.mx', '2016-03-08 15:00:00', '2016-03-08 19:00:00', 4, 'false'),
(802, 49, 2, 'h.ramirez@bamf.com.mx', '2016-03-07 10:00:00', '2016-03-07 13:00:00', 3, 'false'),
(803, 49, 2, 'h.ramirez@bamf.com.mx', '2016-03-07 15:00:00', '2016-03-07 19:00:00', 4, 'false'),
(804, 49, 2, 'h.ramirez@bamf.com.mx', '2016-03-08 10:00:00', '2016-03-08 13:00:00', 3, 'false'),
(805, 49, 2, 'c.muniain@bamf.com.mx', '2016-03-07 15:00:00', '2016-03-07 19:00:00', 4, 'false'),
(806, 33, 2, 'j.galvan@bamf.com.mx', '2016-03-09 10:00:00', '2016-03-09 13:00:00', 3, 'false'),
(807, 143, 1, 'a.chicurel@bamf.com.mx', '2016-03-09 10:00:00', '2016-03-09 13:00:00', 3, 'false'),
(808, 103, 1, 'd.alvarez@bamf.com.mx', '2016-03-09 09:00:00', '2016-03-09 11:30:00', 2, 'false'),
(809, 48, 1, 'd.alvarez@bamf.com.mx', '2016-03-09 15:00:00', '2016-03-09 19:00:00', 4, 'false'),
(810, 55, 1, 'p.esparza@bamf.com.mx', '2016-03-09 10:00:00', '2016-03-09 13:00:00', 3, 'false'),
(811, 48, 1, 'p.esparza@bamf.com.mx', '2016-03-09 15:00:00', '2016-03-09 19:00:00', 4, 'false'),
(812, 102, 1, 'r.rodriguez@bamf.com.mx', '2016-03-07 10:00:00', '2016-03-07 13:00:00', 3, 'false'),
(813, 115, 1, 'v.salazar@bamf.com.mx', '2016-03-09 10:00:00', '2016-03-09 13:00:00', 3, 'false'),
(814, 131, 2, 'r.rodriguez@bamf.com.mx', '2016-03-09 10:00:00', '2016-03-09 11:30:00', 1, 'false'),
(816, 110, 1, 'm.gamez@bamf.com.mx', '2016-03-01 15:00:00', '2016-03-01 17:00:00', 2, 'false'),
(817, 148, 3, 'm.gamez@bamf.com.mx', '2016-03-02 15:00:00', '2016-03-02 19:00:00', 4, 'false'),
(818, 28, 1, 'm.gamez@bamf.com.mx', '2016-03-07 10:00:00', '2016-03-07 11:00:00', 1, 'false'),
(819, 135, 1, 'm.gamez@bamf.com.mx', '2016-03-07 15:00:00', '2016-03-07 17:00:00', 2, 'false'),
(820, 25, 1, 'm.gamez@bamf.com.mx', '2016-03-07 17:00:00', '2016-03-07 19:00:00', 2, 'false'),
(821, 25, 1, 'm.gamez@bamf.com.mx', '2016-03-08 10:00:00', '2016-03-08 13:00:00', 3, 'false'),
(822, 148, 3, 'm.gamez@bamf.com.mx', '2016-03-07 11:00:00', '2016-03-07 12:00:00', 1, 'false'),
(823, 110, 1, 'm.gamez@bamf.com.mx', '2016-03-07 12:00:00', '2016-03-07 13:00:00', 1, 'false'),
(824, 25, 1, 'm.gamez@bamf.com.mx', '2016-03-08 15:00:00', '2016-03-08 16:00:00', 1, 'false'),
(825, 85, 3, 'm.gamez@bamf.com.mx', '2016-03-08 16:00:00', '2016-03-08 19:00:00', 3, 'false'),
(826, 149, 3, 'm.gamez@bamf.com.mx', '2016-03-01 12:00:00', '2016-03-01 13:00:00', 1, 'false'),
(827, 150, 1, 'j.galvan@bamf.com.mx', '2016-03-09 15:00:00', '2016-03-09 19:00:00', 4, 'false'),
(828, 124, 1, 'v.salazar@bamf.com.mx', '2016-03-09 15:00:00', '2016-03-09 19:00:00', 4, 'false'),
(829, 48, 1, 'j.galvan@bamf.com.mx', '2016-03-11 10:00:00', '2016-03-11 13:00:00', 3, 'false'),
(832, 133, 1, 'j.galvan@bamf.com.mx', '2016-03-08 10:00:00', '2016-03-08 13:00:00', 3, 'false'),
(833, 133, 1, 'j.galvan@bamf.com.mx', '2016-03-10 10:00:00', '2016-03-10 13:00:00', 3, 'false'),
(834, 58, 1, 'j.galvan@bamf.com.mx', '2016-03-10 17:00:00', '2016-03-10 19:00:00', 2, 'false'),
(835, 133, 1, 'j.galvan@bamf.com.mx', '2016-03-10 15:00:00', '2016-03-10 17:00:00', 2, 'false'),
(836, 33, 2, 'j.galvan@bamf.com.mx', '2016-03-11 15:00:00', '2016-03-11 17:00:00', 2, 'false'),
(837, 150, 1, 'j.galvan@bamf.com.mx', '2016-03-11 17:00:00', '2016-03-11 19:00:00', 2, 'false'),
(838, 146, 1, 'v.salazar@bamf.com.mx', '2016-03-10 10:00:00', '2016-03-10 13:00:00', 3, 'false'),
(839, 124, 1, 'v.salazar@bamf.com.mx', '2016-03-10 15:00:00', '2016-03-10 17:00:00', 2, 'false'),
(840, 48, 1, 'v.salazar@bamf.com.mx', '2016-03-11 10:00:00', '2016-03-11 13:00:00', 3, 'false'),
(841, 8, 1, 'v.salazar@bamf.com.mx', '2016-03-11 13:00:00', '2016-03-11 16:00:00', 3, 'false'),
(842, 151, 1, 'a.chicurel@bamf.com.mx', '2016-03-09 15:00:00', '2016-03-09 19:00:00', 4, 'false'),
(843, 151, 1, 'a.chicurel@bamf.com.mx', '2016-03-10 10:00:00', '2016-03-10 11:30:00', 1, 'false'),
(844, 8, 1, 'a.chicurel@bamf.com.mx', '2016-03-10 11:30:00', '2016-03-10 13:00:00', 1, 'false'),
(845, 143, 1, 'a.chicurel@bamf.com.mx', '2016-03-10 15:00:00', '2016-03-10 19:00:00', 4, 'false'),
(846, 48, 1, 'a.chicurel@bamf.com.mx', '2016-03-11 10:00:00', '2016-03-11 13:00:00', 3, 'false'),
(847, 8, 1, 'a.chicurel@bamf.com.mx', '2016-03-11 15:00:00', '2016-03-11 19:00:00', 4, 'false'),
(848, 145, 1, 'r.rodriguez@bamf.com.mx', '2016-03-09 15:00:00', '2016-03-09 19:00:00', 4, 'false'),
(849, 77, 1, 'r.rodriguez@bamf.com.mx', '2016-03-10 17:30:00', '2016-03-10 19:00:00', 1, 'false'),
(850, 77, 1, 'r.rodriguez@bamf.com.mx', '2016-03-09 11:30:00', '2016-03-09 13:00:00', 1, 'false'),
(852, 48, 1, 'r.rodriguez@bamf.com.mx', '2016-03-11 10:00:00', '2016-03-11 13:00:00', 3, 'false'),
(853, 83, 1, 'r.rodriguez@bamf.com.mx', '2016-03-11 13:00:00', '2016-03-11 14:30:00', 1, 'false'),
(854, 151, 1, 'k.garcia@bamf.com.mx', '2016-03-08 10:00:00', '2016-03-08 13:00:00', 3, 'false'),
(855, 151, 1, 'k.garcia@bamf.com.mx', '2016-03-09 15:00:00', '2016-03-09 19:30:00', 4, 'false'),
(856, 146, 1, 'k.garcia@bamf.com.mx', '2016-03-10 10:00:00', '2016-03-10 12:00:00', 2, 'false'),
(857, 83, 1, 'k.garcia@bamf.com.mx', '2016-03-10 12:00:00', '2016-03-10 13:00:00', 1, 'false'),
(858, 93, 1, 'k.garcia@bamf.com.mx', '2016-03-10 15:00:00', '2016-03-10 19:30:00', 4, 'false'),
(859, 48, 1, 'k.garcia@bamf.com.mx', '2016-03-11 13:00:00', '2016-03-11 16:00:00', 3, 'false'),
(860, 48, 1, 'p.esparza@bamf.com.mx', '2016-03-11 10:00:00', '2016-03-11 13:00:00', 3, 'false'),
(861, 143, 1, 'd.alvarez@bamf.com.mx', '2016-03-10 09:00:00', '2016-03-10 11:00:00', 2, 'false'),
(862, 48, 1, 'd.alvarez@bamf.com.mx', '2016-03-11 09:00:00', '2016-03-11 13:00:00', 4, 'false'),
(863, 51, 1, 'd.alvarez@bamf.com.mx', '2016-03-11 13:00:00', '2016-03-11 15:30:00', 2, 'false'),
(864, 152, 2, 'j.galvan@bamf.com.mx', '2016-03-14 10:00:00', '2016-03-14 13:00:00', 3, 'false'),
(865, 153, 1, 'j.galvan@bamf.com.mx', '2016-03-14 15:00:00', '2016-03-14 19:00:00', 4, 'false'),
(868, 103, 1, 'd.alvarez@bamf.com.mx', '2016-03-15 09:00:00', '2016-03-15 13:00:00', 4, 'false'),
(870, 48, 1, 'd.alvarez@bamf.com.mx', '2016-03-15 15:00:00', '2016-03-15 16:00:00', 1, 'false'),
(881, 169, 1, 'j.galvan@bamf.com.mx', '2016-03-15 10:00:00', '2016-03-15 13:00:00', 3, 'false'),
(882, 48, 1, 'j.galvan@bamf.com.mx', '2016-03-15 15:00:00', '2016-03-15 16:00:00', 1, 'false'),
(883, 170, 1, 'j.galvan@bamf.com.mx', '2016-03-15 16:00:00', '2016-03-15 19:00:00', 3, 'false'),
(884, 33, 2, 'j.galvan@bamf.com.mx', '2016-03-16 10:00:00', '2016-03-16 13:00:00', 3, 'false'),
(885, 33, 2, 'j.galvan@bamf.com.mx', '2016-03-16 15:00:00', '2016-03-16 19:00:00', 4, 'false'),
(886, 160, 3, 'v.salazar@bamf.com.mx', '2016-03-10 17:00:00', '2016-03-10 19:00:00', 2, 'false'),
(887, 43, 1, 'v.salazar@bamf.com.mx', '2016-03-14 10:00:00', '2016-03-14 13:00:00', 3, 'false'),
(888, 155, 3, 'v.salazar@bamf.com.mx', '2016-03-14 15:00:00', '2016-03-14 19:00:00', 4, 'false'),
(889, 162, 1, 'v.salazar@bamf.com.mx', '2016-03-15 10:00:00', '2016-03-15 11:30:00', 1, 'false'),
(890, 48, 1, 'v.salazar@bamf.com.mx', '2016-03-15 15:00:00', '2016-03-15 16:00:00', 1, 'false'),
(891, 43, 1, 'v.salazar@bamf.com.mx', '2016-03-16 10:00:00', '2016-03-16 13:00:00', 3, 'false'),
(892, 83, 1, 'v.salazar@bamf.com.mx', '2016-03-16 15:00:00', '2016-03-16 19:00:00', 4, 'false'),
(893, 43, 1, 'a.chicurel@bamf.com.mx', '2016-03-14 10:00:00', '2016-03-14 13:00:00', 3, 'false'),
(894, 167, 1, 'a.chicurel@bamf.com.mx', '2016-03-14 15:00:00', '2016-03-14 17:00:00', 2, 'false'),
(895, 144, 1, 'a.chicurel@bamf.com.mx', '2016-03-14 17:00:00', '2016-03-14 19:00:00', 2, 'false'),
(896, 151, 1, 'a.chicurel@bamf.com.mx', '2016-03-15 10:00:00', '2016-03-15 13:00:00', 3, 'false'),
(897, 48, 1, 'a.chicurel@bamf.com.mx', '2016-03-15 15:00:00', '2016-03-15 16:00:00', 1, 'false'),
(898, 171, 1, 'a.chicurel@bamf.com.mx', '2016-03-15 16:00:00', '2016-03-15 19:00:00', 3, 'false'),
(899, 169, 1, 'a.chicurel@bamf.com.mx', '2016-03-16 10:00:00', '2016-03-16 11:30:00', 1, 'false'),
(900, 128, 1, 'a.chicurel@bamf.com.mx', '2016-03-16 11:30:00', '2016-03-16 13:00:00', 1, 'false'),
(901, 146, 1, 'a.chicurel@bamf.com.mx', '2016-03-16 15:00:00', '2016-03-16 19:00:00', 4, 'false'),
(902, 77, 1, 'r.rodriguez@bamf.com.mx', '2016-03-10 10:00:00', '2016-03-10 11:30:00', 1, 'false'),
(903, 159, 1, 'r.rodriguez@bamf.com.mx', '2016-03-10 11:30:00', '2016-03-10 13:00:00', 1, 'false'),
(904, 172, 1, 'r.rodriguez@bamf.com.mx', '2016-03-14 10:00:00', '2016-03-14 13:00:00', 3, 'false'),
(905, 164, 1, 'r.rodriguez@bamf.com.mx', '2016-03-15 10:00:00', '2016-03-15 13:00:00', 3, 'false'),
(906, 48, 1, 'r.rodriguez@bamf.com.mx', '2016-03-15 15:00:00', '2016-03-15 16:00:00', 1, 'false'),
(907, 59, 1, 'r.rodriguez@bamf.com.mx', '2016-03-15 16:00:00', '2016-03-15 17:30:00', 1, 'false'),
(909, 77, 1, 'r.rodriguez@bamf.com.mx', '2016-03-15 17:30:00', '2016-03-15 19:00:00', 1, 'false'),
(910, 164, 1, 'r.rodriguez@bamf.com.mx', '2016-03-16 10:00:00', '2016-03-16 13:00:00', 3, 'false'),
(911, 59, 1, 'r.rodriguez@bamf.com.mx', '2016-03-14 15:00:00', '2016-03-14 18:00:00', 3, 'false'),
(912, 173, 1, 'r.rodriguez@bamf.com.mx', '2016-03-14 18:00:00', '2016-03-14 19:00:00', 1, 'false'),
(913, 174, 3, 'k.garcia@bamf.com.mx', '2016-03-09 10:00:00', '2016-03-09 13:00:00', 3, 'false'),
(914, 174, 3, 'k.garcia@bamf.com.mx', '2016-03-11 10:00:00', '2016-03-11 13:00:00', 3, 'false'),
(915, 174, 3, 'k.garcia@bamf.com.mx', '2016-02-26 13:00:00', '2016-02-26 15:00:00', 2, 'false'),
(916, 175, 1, 'k.garcia@bamf.com.mx', '2016-03-14 10:00:00', '2016-03-14 13:00:00', 3, 'false'),
(917, 175, 1, 'k.garcia@bamf.com.mx', '2016-03-14 15:00:00', '2016-03-14 19:00:00', 4, 'false'),
(918, 48, 1, 'k.garcia@bamf.com.mx', '2016-03-15 10:00:00', '2016-03-15 13:00:00', 3, 'false'),
(919, 48, 1, 'k.garcia@bamf.com.mx', '2016-03-15 15:00:00', '2016-03-15 16:00:00', 1, 'false'),
(920, 171, 1, 'k.garcia@bamf.com.mx', '2016-03-15 16:00:00', '2016-03-15 19:00:00', 3, 'false'),
(921, 176, 1, 'k.garcia@bamf.com.mx', '2016-03-16 10:00:00', '2016-03-16 13:00:00', 3, 'false'),
(922, 176, 1, 'k.garcia@bamf.com.mx', '2016-03-16 15:00:00', '2016-03-16 19:00:00', 4, 'false'),
(923, 92, 1, 'k.garcia@bamf.com.mx', '2016-02-08 15:00:00', '2016-02-08 18:00:00', 3, 'false'),
(924, 55, 1, 'p.esparza@bamf.com.mx', '2016-03-10 10:00:00', '2016-03-10 11:30:00', 1, 'false'),
(925, 143, 1, 'p.esparza@bamf.com.mx', '2016-03-10 11:30:00', '2016-03-10 13:00:00', 1, 'false'),
(926, 151, 1, 'p.esparza@bamf.com.mx', '2016-03-10 15:00:00', '2016-03-10 19:00:00', 4, 'false'),
(927, 143, 1, 'p.esparza@bamf.com.mx', '2016-03-11 13:00:00', '2016-03-11 16:00:00', 3, 'false'),
(928, 119, 1, 'p.esparza@bamf.com.mx', '2016-03-14 10:00:00', '2016-03-14 13:00:00', 3, 'false'),
(929, 119, 1, 'p.esparza@bamf.com.mx', '2016-03-14 15:00:00', '2016-03-14 19:00:00', 4, 'false'),
(930, 151, 1, 'p.esparza@bamf.com.mx', '2016-03-15 10:00:00', '2016-03-15 13:00:00', 3, 'false'),
(931, 48, 1, 'p.esparza@bamf.com.mx', '2016-03-15 15:00:00', '2016-03-15 19:00:00', 4, 'false'),
(932, 55, 1, 'p.esparza@bamf.com.mx', '2016-03-16 10:00:00', '2016-03-16 13:00:00', 3, 'false'),
(933, 101, 1, 'p.esparza@bamf.com.mx', '2016-03-16 15:00:00', '2016-03-16 19:00:00', 4, 'false'),
(934, 143, 1, 'd.alvarez@bamf.com.mx', '2016-03-09 11:30:00', '2016-03-09 13:00:00', 1, 'false'),
(935, 163, 1, 'd.alvarez@bamf.com.mx', '2016-03-10 11:00:00', '2016-03-10 13:00:00', 2, 'false'),
(936, 126, 1, 'd.alvarez@bamf.com.mx', '2016-03-10 15:00:00', '2016-03-10 19:00:00', 4, 'false'),
(937, 103, 1, 'd.alvarez@bamf.com.mx', '2016-03-15 16:00:00', '2016-03-15 19:00:00', 3, 'false'),
(938, 146, 1, 'd.alvarez@bamf.com.mx', '2016-03-14 09:00:00', '2016-03-14 13:00:00', 4, 'false'),
(940, 103, 1, 'd.alvarez@bamf.com.mx', '2016-03-14 15:00:00', '2016-03-14 19:00:00', 4, 'false'),
(941, 126, 1, 'd.alvarez@bamf.com.mx', '2016-03-16 09:00:00', '2016-03-16 13:00:00', 4, 'false'),
(942, 126, 1, 'd.alvarez@bamf.com.mx', '2016-03-16 15:00:00', '2016-03-16 19:00:00', 4, 'false'),
(943, 49, 2, 'h.ramirez@bamf.com.mx', '2016-03-14 10:00:00', '2016-03-14 13:00:00', 3, 'false'),
(944, 49, 2, 'h.ramirez@bamf.com.mx', '2016-03-14 15:00:00', '2016-03-14 19:00:00', 4, 'false'),
(945, 69, 2, 'h.ramirez@bamf.com.mx', '2016-03-15 10:00:00', '2016-03-15 13:00:00', 3, 'false'),
(946, 69, 2, 'h.ramirez@bamf.com.mx', '2016-03-15 15:00:00', '2016-03-15 19:00:00', 4, 'false'),
(948, 177, 1, 'h.ramirez@bamf.com.mx', '2016-03-16 10:00:00', '2016-03-16 13:00:00', 3, 'false'),
(949, 69, 2, 'h.ramirez@bamf.com.mx', '2016-03-16 15:00:00', '2016-03-16 19:00:00', 4, 'false'),
(950, 178, 1, 'j.galvan@bamf.com.mx', '2016-03-17 10:00:00', '2016-03-17 13:00:00', 3, 'false'),
(951, 178, 1, 'j.galvan@bamf.com.mx', '2016-03-17 15:00:00', '2016-03-17 19:00:00', 4, 'false'),
(952, 178, 1, 'v.salazar@bamf.com.mx', '2016-03-17 10:00:00', '2016-03-17 13:00:00', 3, 'false'),
(953, 178, 1, 'v.salazar@bamf.com.mx', '2016-03-17 15:00:00', '2016-03-17 19:00:00', 4, 'false'),
(954, 83, 1, 'a.chicurel@bamf.com.mx', '2016-03-17 10:00:00', '2016-03-17 13:00:00', 3, 'false'),
(955, 178, 1, 'a.chicurel@bamf.com.mx', '2016-03-17 15:00:00', '2016-03-17 19:00:00', 4, 'false'),
(956, 159, 1, 'r.rodriguez@bamf.com.mx', '2016-03-16 15:00:00', '2016-03-16 19:00:00', 4, 'false'),
(957, 159, 1, 'r.rodriguez@bamf.com.mx', '2016-03-17 10:00:00', '2016-03-17 11:30:00', 1, 'false'),
(958, 95, 3, 'k.garcia@bamf.com.mx', '2016-03-17 15:00:00', '2016-03-17 19:00:00', 4, 'false'),
(959, 95, 3, 'k.garcia@bamf.com.mx', '2016-03-17 10:00:00', '2016-03-17 13:00:00', 3, 'false'),
(960, 95, 3, 'k.garcia@bamf.com.mx', '2016-03-18 10:00:00', '2016-03-18 13:00:00', 3, 'false'),
(961, 95, 3, 'k.garcia@bamf.com.mx', '2016-03-18 15:00:00', '2016-03-18 19:00:00', 4, 'false'),
(962, 48, 1, 'd.alvarez@bamf.com.mx', '2016-03-17 09:00:00', '2016-03-17 11:00:00', 2, 'false'),
(964, 69, 2, 'h.ramirez@bamf.com.mx', '2016-03-17 11:00:00', '2016-03-17 13:00:00', 2, 'false'),
(965, 69, 2, 'h.ramirez@bamf.com.mx', '2016-03-17 15:00:00', '2016-03-17 19:00:00', 4, 'false'),
(966, 97, 2, 'h.ramirez@bamf.com.mx', '2016-03-17 10:00:00', '2016-03-17 11:00:00', 1, 'false'),
(970, 48, 1, 'd.alvarez@bamf.com.mx', '2016-03-18 09:00:00', '2016-03-18 13:00:00', 4, 'false'),
(971, 96, 1, 'j.galvan@bamf.com.mx', '2016-03-18 15:00:00', '2016-03-18 19:00:00', 4, 'false'),
(972, 118, 1, 'v.salazar@bamf.com.mx', '2016-03-18 15:00:00', '2016-03-18 19:00:00', 4, 'false'),
(973, 169, 1, 'a.chicurel@bamf.com.mx', '2016-03-18 10:00:00', '2016-03-18 13:00:00', 3, 'false'),
(974, 43, 1, 'a.chicurel@bamf.com.mx', '2016-03-18 15:00:00', '2016-03-18 19:00:00', 4, 'false'),
(975, 132, 1, 'p.esparza@bamf.com.mx', '2016-03-17 10:00:00', '2016-03-17 13:00:00', 3, 'false'),
(976, 171, 1, 'p.esparza@bamf.com.mx', '2016-03-17 15:00:00', '2016-03-17 19:00:00', 4, 'false'),
(977, 171, 1, 'p.esparza@bamf.com.mx', '2016-03-18 15:00:00', '2016-03-18 19:00:00', 4, 'false'),
(978, 103, 1, 'p.esparza@bamf.com.mx', '2016-03-18 10:00:00', '2016-03-18 11:30:00', 1, 'false'),
(979, 84, 1, 'c.muniain@bamf.com.mx', '2016-03-08 15:00:00', '2016-03-08 19:00:00', 4, 'false'),
(980, 49, 2, 'c.muniain@bamf.com.mx', '2016-03-09 15:00:00', '2016-03-09 19:00:00', 4, 'false'),
(981, 95, 3, 'c.muniain@bamf.com.mx', '2016-03-10 15:00:00', '2016-03-10 19:00:00', 4, 'false'),
(982, 165, 2, 'c.muniain@bamf.com.mx', '2016-03-14 15:00:00', '2016-03-14 19:00:00', 4, 'false'),
(983, 33, 2, 'j.galvan@bamf.com.mx', '2016-03-22 10:00:00', '2016-03-22 13:00:00', 3, 'false'),
(984, 33, 2, 'j.galvan@bamf.com.mx', '2016-03-22 15:00:00', '2016-03-22 19:00:00', 4, 'false'),
(985, 8, 1, 'j.galvan@bamf.com.mx', '2016-03-23 10:00:00', '2016-03-23 13:00:00', 3, 'false'),
(986, 143, 1, 'j.galvan@bamf.com.mx', '2016-03-23 15:00:00', '2016-03-23 19:00:00', 4, 'false'),
(987, 143, 1, 'v.salazar@bamf.com.mx', '2016-03-22 10:00:00', '2016-03-22 13:00:00', 3, 'false'),
(988, 179, 1, 'v.salazar@bamf.com.mx', '2016-03-22 15:00:00', '2016-03-22 19:00:00', 4, 'false'),
(989, 143, 1, 'v.salazar@bamf.com.mx', '2016-03-23 10:00:00', '2016-03-23 13:00:00', 3, 'false'),
(990, 180, 1, 'v.salazar@bamf.com.mx', '2016-03-23 15:00:00', '2016-03-23 19:00:00', 4, 'false'),
(991, 143, 1, 'a.chicurel@bamf.com.mx', '2016-03-22 10:00:00', '2016-03-22 11:30:00', 1, 'false'),
(992, 181, 2, 'a.chicurel@bamf.com.mx', '2016-03-22 11:30:00', '2016-03-22 13:00:00', 1, 'false'),
(993, 43, 1, 'a.chicurel@bamf.com.mx', '2016-03-22 15:00:00', '2016-03-22 17:00:00', 2, 'false'),
(994, 172, 1, 'a.chicurel@bamf.com.mx', '2016-03-22 17:00:00', '2016-03-22 19:00:00', 2, 'false'),
(995, 43, 1, 'a.chicurel@bamf.com.mx', '2016-03-23 10:00:00', '2016-03-23 13:00:00', 3, 'false'),
(996, 143, 1, 'a.chicurel@bamf.com.mx', '2016-03-23 15:00:00', '2016-03-23 19:00:00', 4, 'false'),
(997, 115, 1, 'r.rodriguez@bamf.com.mx', '2016-03-22 10:00:00', '2016-03-22 13:00:00', 3, 'false'),
(998, 182, 1, 'r.rodriguez@bamf.com.mx', '2016-03-22 15:00:00', '2016-03-22 19:00:00', 4, 'false'),
(999, 182, 1, 'r.rodriguez@bamf.com.mx', '2016-03-23 10:00:00', '2016-03-23 11:30:00', 1, 'false'),
(1000, 159, 1, 'r.rodriguez@bamf.com.mx', '2016-03-23 11:30:00', '2016-03-23 13:00:00', 1, 'false'),
(1001, 167, 1, 'r.rodriguez@bamf.com.mx', '2016-03-23 15:00:00', '2016-03-23 19:00:00', 4, 'false'),
(1002, 101, 1, 'p.esparza@bamf.com.mx', '2016-03-22 10:00:00', '2016-03-22 13:00:00', 3, 'false'),
(1003, 48, 1, 'p.esparza@bamf.com.mx', '2016-03-22 15:00:00', '2016-03-22 19:00:00', 4, 'false'),
(1004, 132, 1, 'p.esparza@bamf.com.mx', '2016-03-23 10:00:00', '2016-03-23 13:00:00', 3, 'false'),
(1005, 171, 1, 'p.esparza@bamf.com.mx', '2016-03-23 15:00:00', '2016-03-23 19:00:00', 4, 'false'),
(1006, 101, 1, 'd.alvarez@bamf.com.mx', '2016-03-22 10:00:00', '2016-03-22 13:00:00', 3, 'false'),
(1007, 151, 1, 'd.alvarez@bamf.com.mx', '2016-03-22 15:00:00', '2016-03-22 19:00:00', 4, 'false'),
(1008, 126, 1, 'd.alvarez@bamf.com.mx', '2016-03-23 10:00:00', '2016-03-23 11:30:00', 1, 'false'),
(1009, 101, 1, 'd.alvarez@bamf.com.mx', '2016-03-23 11:30:00', '2016-03-23 13:00:00', 1, 'false'),
(1010, 49, 2, 'h.ramirez@bamf.com.mx', '2016-03-22 15:00:00', '2016-03-22 19:00:00', 4, 'false'),
(1011, 49, 2, 'h.ramirez@bamf.com.mx', '2016-03-23 10:00:00', '2016-03-23 13:00:00', 3, 'false'),
(1012, 49, 2, 'h.ramirez@bamf.com.mx', '2016-03-23 15:00:00', '2016-03-23 19:00:00', 4, 'false'),
(1013, 8, 1, 'j.galvan@bamf.com.mx', '2016-03-28 10:00:00', '2016-03-28 13:00:00', 3, 'false'),
(1014, 33, 2, 'j.galvan@bamf.com.mx', '2016-03-29 15:00:00', '2016-03-29 19:00:00', 4, 'false'),
(1015, 143, 1, 'v.salazar@bamf.com.mx', '2016-03-28 10:00:00', '2016-03-28 13:00:00', 3, 'false'),
(1016, 159, 1, 'v.salazar@bamf.com.mx', '2016-03-28 15:00:00', '2016-03-28 19:00:00', 4, 'false'),
(1017, 43, 1, 'v.salazar@bamf.com.mx', '2016-03-29 10:00:00', '2016-03-29 13:00:00', 3, 'false'),
(1018, 43, 1, 'v.salazar@bamf.com.mx', '2016-03-29 15:00:00', '2016-03-29 19:00:00', 4, 'false'),
(1019, 83, 1, 'a.chicurel@bamf.com.mx', '2016-03-28 10:00:00', '2016-03-28 13:00:00', 3, 'false'),
(1020, 167, 1, 'a.chicurel@bamf.com.mx', '2016-03-28 15:00:00', '2016-03-28 19:00:00', 4, 'false'),
(1021, 102, 1, 'a.chicurel@bamf.com.mx', '2016-03-29 15:00:00', '2016-03-29 19:00:00', 4, 'false'),
(1022, 183, 1, 'a.chicurel@bamf.com.mx', '2016-03-29 10:00:00', '2016-03-29 13:00:00', 3, 'false'),
(1023, 83, 1, 'r.rodriguez@bamf.com.mx', '2016-03-28 10:00:00', '2016-03-28 13:00:00', 3, 'false'),
(1024, 103, 1, 'r.rodriguez@bamf.com.mx', '2016-03-28 15:00:00', '2016-03-28 19:00:00', 4, 'false'),
(1025, 48, 1, 'k.garcia@bamf.com.mx', '2016-03-28 09:00:00', '2016-03-28 13:00:00', 4, 'false'),
(1026, 175, 1, 'k.garcia@bamf.com.mx', '2016-03-28 15:00:00', '2016-03-28 19:00:00', 4, 'false'),
(1027, 175, 1, 'k.garcia@bamf.com.mx', '2016-03-29 15:00:00', '2016-03-29 19:00:00', 4, 'false'),
(1028, 103, 1, 'k.garcia@bamf.com.mx', '2016-03-30 10:00:00', '2016-03-30 11:00:00', 1, 'false'),
(1029, 158, 1, 'p.esparza@bamf.com.mx', '2016-03-29 10:00:00', '2016-03-29 13:00:00', 3, 'false'),
(1033, 48, 1, 'd.alvarez@bamf.com.mx', '2016-03-28 10:00:00', '2016-03-28 13:00:00', 3, 'false'),
(1034, 101, 1, 'd.alvarez@bamf.com.mx', '2016-03-29 10:00:00', '2016-03-29 13:00:00', 3, 'false'),
(1035, 146, 1, 'd.alvarez@bamf.com.mx', '2016-03-29 15:00:00', '2016-03-29 19:00:00', 4, 'false'),
(1036, 100, 2, 'd.alvarez@bamf.com.mx', '2016-03-30 10:00:00', '2016-03-30 13:00:00', 3, 'false'),
(1037, 64, 2, 'h.ramirez@bamf.com.mx', '2016-03-28 10:00:00', '2016-03-28 13:00:00', 3, 'false'),
(1038, 49, 2, 'h.ramirez@bamf.com.mx', '2016-03-28 15:00:00', '2016-03-28 19:00:00', 4, 'false'),
(1039, 49, 2, 'h.ramirez@bamf.com.mx', '2016-03-29 15:00:00', '2016-03-29 19:00:00', 4, 'false'),
(1040, 49, 2, 'h.ramirez@bamf.com.mx', '2016-03-30 15:00:00', '2016-03-30 19:00:00', 4, 'false'),
(1041, 49, 2, 'h.ramirez@bamf.com.mx', '2016-03-31 15:00:00', '2016-03-31 19:00:00', 4, 'false'),
(1042, 83, 1, 'v.salazar@bamf.com.mx', '2016-03-30 10:00:00', '2016-03-30 13:00:00', 3, 'false'),
(1043, 188, 1, 'j.galvan@bamf.com.mx', '2016-03-29 10:00:00', '2016-03-29 13:00:00', 3, 'false'),
(1044, 193, 1, 'j.galvan@bamf.com.mx', '2016-03-28 15:00:00', '2016-03-28 19:00:00', 4, 'false'),
(1045, 194, 1, 'v.salazar@bamf.com.mx', '2016-03-30 15:00:00', '2016-03-30 19:00:00', 4, 'false'),
(1046, 43, 1, 'v.salazar@bamf.com.mx', '2016-03-31 10:00:00', '2016-03-31 13:00:00', 3, 'false'),
(1047, 83, 1, 'v.salazar@bamf.com.mx', '2016-03-31 15:00:00', '2016-03-31 19:00:00', 4, 'false'),
(1049, 188, 1, 'v.salazar@bamf.com.mx', '2016-04-01 10:00:00', '2016-04-01 15:00:00', 5, 'false'),
(1051, 184, 1, 'a.chicurel@bamf.com.mx', '2016-03-30 10:00:00', '2016-03-30 13:00:00', 3, 'false'),
(1052, 62, 1, 'a.chicurel@bamf.com.mx', '2016-03-30 15:00:00', '2016-03-30 19:00:00', 4, 'false'),
(1053, 43, 1, 'a.chicurel@bamf.com.mx', '2016-03-31 10:00:00', '2016-03-31 13:00:00', 3, 'false'),
(1054, 5, 1, 'a.chicurel@bamf.com.mx', '2016-03-31 15:00:00', '2016-03-31 19:00:00', 4, 'false'),
(1055, 188, 1, 'a.chicurel@bamf.com.mx', '2016-04-01 10:00:00', '2016-04-01 15:00:00', 5, 'false'),
(1058, 195, 1, 'r.rodriguez@bamf.com.mx', '2016-03-29 10:00:00', '2016-03-29 13:00:00', 3, 'false'),
(1059, 186, 1, 'r.rodriguez@bamf.com.mx', '2016-03-29 15:00:00', '2016-03-29 19:00:00', 4, 'false'),
(1060, 195, 1, 'r.rodriguez@bamf.com.mx', '2016-03-30 10:00:00', '2016-03-30 11:30:00', 1, 'false'),
(1061, 196, 1, 'r.rodriguez@bamf.com.mx', '2016-03-30 11:30:00', '2016-03-30 13:00:00', 1, 'false'),
(1062, 186, 1, 'r.rodriguez@bamf.com.mx', '2016-03-30 15:00:00', '2016-03-30 19:00:00', 4, 'false'),
(1063, 187, 1, 'r.rodriguez@bamf.com.mx', '2016-03-31 10:00:00', '2016-03-31 13:00:00', 3, 'false'),
(1064, 83, 1, 'r.rodriguez@bamf.com.mx', '2016-03-31 15:00:00', '2016-03-31 19:00:00', 4, 'false'),
(1065, 51, 1, 'r.rodriguez@bamf.com.mx', '2016-04-01 10:00:00', '2016-04-01 15:00:00', 5, 'false'),
(1066, 143, 1, 'v.fleitas@bamf.com.mx', '2016-03-28 10:00:00', '2016-03-28 13:00:00', 3, 'false'),
(1067, 169, 1, 'v.fleitas@bamf.com.mx', '2016-03-28 15:00:00', '2016-03-28 19:00:00', 4, 'false'),
(1068, 197, 1, 'v.fleitas@bamf.com.mx', '2016-03-29 10:00:00', '2016-03-29 13:00:00', 3, 'false'),
(1069, 169, 1, 'v.fleitas@bamf.com.mx', '2016-03-29 15:00:00', '2016-03-29 19:00:00', 4, 'false'),
(1070, 194, 1, 'v.fleitas@bamf.com.mx', '2016-03-30 10:00:00', '2016-03-30 13:00:00', 3, 'false'),
(1071, 59, 1, 'v.fleitas@bamf.com.mx', '2016-03-30 15:00:00', '2016-03-30 19:00:00', 4, 'false'),
(1072, 197, 1, 'v.fleitas@bamf.com.mx', '2016-03-31 10:00:00', '2016-03-31 13:00:00', 3, 'false'),
(1073, 188, 1, 'v.fleitas@bamf.com.mx', '2016-03-31 15:00:00', '2016-03-31 19:00:00', 4, 'false'),
(1074, 184, 1, 'v.fleitas@bamf.com.mx', '2016-04-01 10:00:00', '2016-04-01 15:00:00', 5, 'false'),
(1075, 188, 1, 'k.garcia@bamf.com.mx', '2016-03-29 10:00:00', '2016-03-29 13:00:00', 3, 'false'),
(1076, 188, 1, 'k.garcia@bamf.com.mx', '2016-03-30 11:00:00', '2016-03-30 13:00:00', 2, 'false'),
(1077, 191, 1, 'k.garcia@bamf.com.mx', '2016-03-30 15:00:00', '2016-03-30 19:00:00', 4, 'false'),
(1078, 48, 1, 'k.garcia@bamf.com.mx', '2016-03-31 10:00:00', '2016-03-31 13:00:00', 3, 'false'),
(1079, 188, 1, 'k.garcia@bamf.com.mx', '2016-03-31 15:00:00', '2016-03-31 19:00:00', 4, 'false'),
(1080, 188, 1, 'k.garcia@bamf.com.mx', '2016-04-01 10:00:00', '2016-04-01 15:00:00', 5, 'false'),
(1081, 151, 1, 'p.esparza@bamf.com.mx', '2016-03-29 15:00:00', '2016-03-29 19:00:00', 4, 'false'),
(1082, 171, 1, 'p.esparza@bamf.com.mx', '2016-03-30 10:00:00', '2016-03-30 11:30:00', 1, 'false'),
(1083, 171, 1, 'p.esparza@bamf.com.mx', '2016-03-30 17:30:00', '2016-03-30 19:00:00', 1, 'false'),
(1084, 158, 1, 'p.esparza@bamf.com.mx', '2016-03-30 15:00:00', '2016-03-30 17:30:00', 2, 'false'),
(1085, 195, 1, 'p.esparza@bamf.com.mx', '2016-03-31 10:00:00', '2016-03-31 13:00:00', 3, 'false'),
(1086, 3, 1, 'p.esparza@bamf.com.mx', '2016-03-31 15:00:00', '2016-03-31 19:00:00', 4, 'false'),
(1087, 195, 1, 'p.esparza@bamf.com.mx', '2016-04-01 10:00:00', '2016-04-01 13:00:00', 3, 'false'),
(1088, 3, 1, 'p.esparza@bamf.com.mx', '2016-04-01 13:00:00', '2016-04-01 15:00:00', 2, 'false'),
(1089, 48, 1, 'd.alvarez@bamf.com.mx', '2016-04-04 09:00:00', '2016-04-04 13:00:00', 4, 'false'),
(1090, 192, 1, 'd.alvarez@bamf.com.mx', '2016-04-04 15:00:00', '2016-04-04 19:00:00', 4, 'false'),
(1091, 101, 1, 'd.alvarez@bamf.com.mx', '2016-04-05 09:00:00', '2016-04-05 13:00:00', 4, 'false'),
(1092, 146, 1, 'd.alvarez@bamf.com.mx', '2016-04-05 15:00:00', '2016-04-05 19:00:00', 4, 'false'),
(1093, 100, 2, 'd.alvarez@bamf.com.mx', '2016-04-06 09:00:00', '2016-04-06 13:00:00', 4, 'false'),
(1094, 186, 1, 'd.alvarez@bamf.com.mx', '2016-04-06 15:00:00', '2016-04-06 19:00:00', 4, 'false'),
(1095, 186, 1, 'd.alvarez@bamf.com.mx', '2016-04-06 15:00:00', '2016-04-06 19:00:00', 4, 'false'),
(1096, 192, 1, 'd.alvarez@bamf.com.mx', '2016-04-07 09:00:00', '2016-04-07 13:00:00', 4, 'false'),
(1097, 163, 1, 'd.alvarez@bamf.com.mx', '2016-04-07 15:00:00', '2016-04-07 19:00:00', 4, 'false'),
(1098, 188, 1, 'd.alvarez@bamf.com.mx', '2016-04-08 09:00:00', '2016-04-08 15:00:00', 6, 'false'),
(1099, 101, 1, 'h.ramirez@bamf.com.mx', '2016-03-30 10:00:00', '2016-03-30 13:00:00', 3, 'false'),
(1100, 190, 1, 'h.ramirez@bamf.com.mx', '2016-03-31 10:00:00', '2016-03-31 13:00:00', 3, 'false'),
(1101, 49, 2, 'h.ramirez@bamf.com.mx', '2016-04-01 10:00:00', '2016-04-01 15:00:00', 5, 'false'),
(1102, 169, 1, 'j.haro@bamf.com.mx', '2016-03-28 15:00:00', '2016-03-28 19:00:00', 4, 'false'),
(1103, 169, 1, 'j.haro@bamf.com.mx', '2016-03-29 10:00:00', '2016-03-29 13:00:00', 3, 'false'),
(1104, 58, 1, 'j.haro@bamf.com.mx', '2016-03-29 15:00:00', '2016-03-29 19:00:00', 4, 'false'),
(1105, 33, 2, 'j.galvan@bamf.com.mx', '2016-04-04 10:00:00', '2016-04-04 13:00:00', 3, 'false'),
(1107, 8, 1, 'j.galvan@bamf.com.mx', '2016-04-04 15:00:00', '2016-04-04 19:00:00', 4, 'false'),
(1108, 33, 2, 'j.galvan@bamf.com.mx', '2016-04-05 10:00:00', '2016-04-05 11:30:00', 1, 'false'),
(1109, 5, 1, 'j.galvan@bamf.com.mx', '2016-04-05 15:00:00', '2016-04-05 19:00:00', 4, 'false'),
(1110, 8, 1, 'j.galvan@bamf.com.mx', '2016-04-06 15:00:00', '2016-04-06 19:00:00', 4, 'false'),
(1113, 8, 1, 'j.galvan@bamf.com.mx', '2016-04-07 15:00:00', '2016-04-07 17:00:00', 2, 'false'),
(1114, 33, 2, 'j.galvan@bamf.com.mx', '2016-04-07 17:00:00', '2016-04-07 19:00:00', 2, 'false'),
(1115, 43, 1, 'v.salazar@bamf.com.mx', '2016-04-04 10:00:00', '2016-04-04 13:00:00', 3, 'false'),
(1116, 8, 1, 'v.salazar@bamf.com.mx', '2016-04-04 15:00:00', '2016-04-04 19:00:00', 4, 'false'),
(1117, 194, 1, 'v.salazar@bamf.com.mx', '2016-04-05 10:00:00', '2016-04-05 13:00:00', 3, 'false'),
(1118, 43, 1, 'v.salazar@bamf.com.mx', '2016-04-05 15:00:00', '2016-04-05 19:00:00', 4, 'false'),
(1119, 43, 1, 'v.salazar@bamf.com.mx', '2016-04-06 15:00:00', '2016-04-06 19:00:00', 4, 'false'),
(1120, 194, 1, 'v.salazar@bamf.com.mx', '2016-04-06 10:00:00', '2016-04-06 13:00:00', 3, 'false'),
(1121, 43, 1, 'a.chicurel@bamf.com.mx', '2016-04-04 10:00:00', '2016-04-04 13:00:00', 3, 'false'),
(1122, 43, 1, 'a.chicurel@bamf.com.mx', '2016-04-05 10:00:00', '2016-04-05 13:00:00', 3, 'false'),
(1123, 43, 1, 'a.chicurel@bamf.com.mx', '2016-04-06 10:00:00', '2016-04-06 13:00:00', 3, 'false'),
(1124, 43, 1, 'a.chicurel@bamf.com.mx', '2016-04-06 15:00:00', '2016-04-06 19:00:00', 4, 'false'),
(1126, 146, 1, 'v.fleitas@bamf.com.mx', '2016-04-04 10:00:00', '2016-04-04 11:30:00', 1, 'false'),
(1127, 102, 1, 'v.fleitas@bamf.com.mx', '2016-04-06 15:00:00', '2016-04-06 19:00:00', 4, 'false'),
(1128, 102, 1, 'v.fleitas@bamf.com.mx', '2016-04-06 10:00:00', '2016-04-06 13:00:00', 3, 'false'),
(1129, 191, 1, 'j.haro@bamf.com.mx', '2016-04-06 10:00:00', '2016-04-06 13:00:00', 3, 'false'),
(1130, 188, 1, 'j.haro@bamf.com.mx', '2016-04-06 15:00:00', '2016-04-06 19:00:00', 4, 'false'),
(1131, 146, 1, 'j.haro@bamf.com.mx', '2016-04-07 10:00:00', '2016-04-07 13:00:00', 3, 'false'),
(1132, 51, 1, 'j.haro@bamf.com.mx', '2016-04-08 10:00:00', '2016-04-08 15:00:00', 5, 'false'),
(1133, 146, 1, 'k.garcia@bamf.com.mx', '2016-04-04 10:00:00', '2016-04-04 13:00:00', 3, 'false'),
(1134, 174, 3, 'k.garcia@bamf.com.mx', '2016-04-04 15:00:00', '2016-04-04 19:00:00', 4, 'false'),
(1135, 48, 1, 'k.garcia@bamf.com.mx', '2016-04-05 10:00:00', '2016-04-05 13:00:00', 3, 'false'),
(1136, 48, 1, 'k.garcia@bamf.com.mx', '2016-04-06 10:00:00', '2016-04-06 13:00:00', 3, 'false'),
(1137, 48, 1, 'k.garcia@bamf.com.mx', '2016-04-07 10:00:00', '2016-04-07 13:00:00', 3, 'false'),
(1138, 48, 1, 'k.garcia@bamf.com.mx', '2016-04-08 10:00:00', '2016-04-08 13:00:00', 3, 'false'),
(1139, 51, 1, 'k.garcia@bamf.com.mx', '2016-04-08 13:00:00', '2016-04-08 15:00:00', 2, 'false'),
(1140, 188, 1, 'k.garcia@bamf.com.mx', '2016-04-06 15:00:00', '2016-04-06 19:00:00', 4, 'false'),
(1141, 190, 1, 'p.esparza@bamf.com.mx', '2016-04-04 15:00:00', '2016-04-04 19:00:00', 4, 'false'),
(1142, 190, 1, 'p.esparza@bamf.com.mx', '2016-04-05 10:00:00', '2016-04-05 13:00:00', 3, 'false'),
(1144, 195, 1, 'p.esparza@bamf.com.mx', '2016-04-05 15:00:00', '2016-04-05 19:00:00', 4, 'false'),
(1145, 3, 1, 'p.esparza@bamf.com.mx', '2016-04-06 10:00:00', '2016-04-06 13:00:00', 3, 'false'),
(1146, 132, 1, 'p.esparza@bamf.com.mx', '2016-04-06 15:00:00', '2016-04-06 19:00:00', 4, 'false'),
(1147, 3, 1, 'p.esparza@bamf.com.mx', '2016-04-07 10:00:00', '2016-04-07 13:00:00', 3, 'false'),
(1148, 51, 1, 'p.esparza@bamf.com.mx', '2016-04-08 10:00:00', '2016-04-08 15:00:00', 5, 'false'),
(1149, 49, 2, 'h.ramirez@bamf.com.mx', '2016-04-04 15:00:00', '2016-04-04 19:00:00', 4, 'false'),
(1150, 49, 2, 'h.ramirez@bamf.com.mx', '2016-04-05 15:00:00', '2016-04-05 19:00:00', 4, 'false'),
(1151, 49, 2, 'h.ramirez@bamf.com.mx', '2016-04-06 15:00:00', '2016-04-06 19:00:00', 4, 'false'),
(1152, 49, 2, 'h.ramirez@bamf.com.mx', '2016-04-07 15:00:00', '2016-04-07 19:00:00', 4, 'false'),
(1153, 49, 2, 'h.ramirez@bamf.com.mx', '2016-04-08 10:00:00', '2016-04-08 15:00:00', 5, 'false'),
(1154, 199, 1, 'j.galvan@bamf.com.mx', '2016-04-05 11:30:00', '2016-04-05 13:00:00', 1, 'false'),
(1155, 198, 1, 'j.galvan@bamf.com.mx', '2016-04-06 10:00:00', '2016-04-06 13:00:00', 3, 'false'),
(1156, 203, 1, 'j.galvan@bamf.com.mx', '2016-04-07 10:00:00', '2016-04-07 13:00:00', 3, 'false'),
(1157, 198, 1, 'j.galvan@bamf.com.mx', '2016-04-08 10:00:00', '2016-04-08 15:00:00', 5, 'false'),
(1158, 200, 1, 'v.salazar@bamf.com.mx', '2016-04-07 10:00:00', '2016-04-07 13:00:00', 3, 'false'),
(1159, 102, 1, 'v.salazar@bamf.com.mx', '2016-04-07 15:00:00', '2016-04-07 19:00:00', 4, 'false'),
(1160, 8, 1, 'v.salazar@bamf.com.mx', '2016-04-08 10:00:00', '2016-04-08 12:30:00', 2, 'false'),
(1161, 201, 1, 'v.salazar@bamf.com.mx', '2016-04-08 12:30:00', '2016-04-08 15:00:00', 2, 'false'),
(1162, 203, 1, 'a.chicurel@bamf.com.mx', '2016-04-07 10:00:00', '2016-04-07 13:00:00', 3, 'false'),
(1163, 205, 1, 'a.chicurel@bamf.com.mx', '2016-04-04 15:00:00', '2016-04-04 19:00:00', 4, 'false'),
(1164, 205, 1, 'a.chicurel@bamf.com.mx', '2016-04-05 15:00:00', '2016-04-05 19:00:00', 4, 'false'),
(1165, 204, 1, 'a.chicurel@bamf.com.mx', '2016-04-07 15:00:00', '2016-04-07 19:00:00', 4, 'false'),
(1166, 206, 1, 'a.chicurel@bamf.com.mx', '2016-04-08 10:00:00', '2016-04-08 12:30:00', 2, 'false'),
(1167, 207, 1, 'a.chicurel@bamf.com.mx', '2016-04-08 12:30:00', '2016-04-08 15:00:00', 2, 'false'),
(1171, 112, 1, 'v.fleitas@bamf.com.mx', '2016-04-04 11:30:00', '2016-04-04 13:00:00', 1, 'false'),
(1172, 180, 1, 'v.fleitas@bamf.com.mx', '2016-04-07 10:00:00', '2016-04-07 13:00:00', 3, 'false'),
(1173, 80, 1, 'v.fleitas@bamf.com.mx', '2016-04-04 15:00:00', '2016-04-04 19:00:00', 4, 'false'),
(1174, 208, 1, 'v.fleitas@bamf.com.mx', '2016-04-05 10:00:00', '2016-04-05 13:00:00', 3, 'false'),
(1175, 169, 1, 'v.fleitas@bamf.com.mx', '2016-04-05 15:00:00', '2016-04-05 19:00:00', 4, 'false'),
(1176, 202, 1, 'v.fleitas@bamf.com.mx', '2016-04-07 15:00:00', '2016-04-07 19:00:00', 4, 'false'),
(1178, 202, 1, 'v.fleitas@bamf.com.mx', '2016-04-08 10:00:00', '2016-04-08 15:00:00', 5, 'false'),
(1179, 64, 2, 'h.ramirez@bamf.com.mx', '2016-04-04 10:00:00', '2016-04-04 13:00:00', 3, 'false'),
(1180, 64, 2, 'h.ramirez@bamf.com.mx', '2016-04-05 10:00:00', '2016-04-05 13:00:00', 3, 'false'),
(1181, 64, 2, 'h.ramirez@bamf.com.mx', '2016-04-06 10:00:00', '2016-04-06 13:00:00', 3, 'false'),
(1182, 64, 2, 'h.ramirez@bamf.com.mx', '2016-04-07 10:00:00', '2016-04-07 13:00:00', 3, 'false'),
(1183, 33, 2, 'j.galvan@bamf.com.mx', '2016-04-11 10:00:00', '2016-04-11 11:30:00', 1, 'false'),
(1184, 193, 1, 'j.galvan@bamf.com.mx', '2016-04-11 11:30:00', '2016-04-11 13:00:00', 1, 'false'),
(1185, 33, 2, 'j.galvan@bamf.com.mx', '2016-04-11 15:00:00', '2016-04-11 19:00:00', 4, 'false'),
(1186, 8, 1, 'v.salazar@bamf.com.mx', '2016-04-11 10:00:00', '2016-04-11 13:00:00', 3, 'false'),
(1187, 43, 1, 'v.salazar@bamf.com.mx', '2016-04-12 10:00:00', '2016-04-12 13:00:00', 3, 'false'),
(1188, 194, 1, 'v.salazar@bamf.com.mx', '2016-04-11 15:00:00', '2016-04-11 19:00:00', 4, 'false'),
(1189, 194, 1, 'v.salazar@bamf.com.mx', '2016-04-12 15:00:00', '2016-04-12 19:00:00', 4, 'false'),
(1190, 209, 1, 'a.chicurel@bamf.com.mx', '2016-04-11 10:00:00', '2016-04-11 11:30:00', 1, 'false'),
(1192, 210, 1, 'a.chicurel@bamf.com.mx', '2016-04-11 11:30:00', '2016-04-11 13:00:00', 1, 'false'),
(1193, 211, 1, 'a.chicurel@bamf.com.mx', '2016-04-11 15:00:00', '2016-04-11 16:30:00', 1, 'false'),
(1195, 194, 1, 'a.chicurel@bamf.com.mx', '2016-04-11 16:30:00', '2016-04-11 19:00:00', 2, 'false'),
(1196, 151, 1, 'a.chicurel@bamf.com.mx', '2016-04-12 10:00:00', '2016-04-12 13:00:00', 3, 'false'),
(1197, 151, 1, 'a.chicurel@bamf.com.mx', '2016-04-12 15:00:00', '2016-04-12 19:00:00', 4, 'false'),
(1198, 201, 1, 'v.fleitas@bamf.com.mx', '2016-04-11 10:00:00', '2016-04-11 13:00:00', 3, 'false'),
(1199, 194, 1, 'v.fleitas@bamf.com.mx', '2016-04-11 15:00:00', '2016-04-11 19:00:00', 4, 'false'),
(1200, 201, 1, 'v.fleitas@bamf.com.mx', '2016-04-12 10:00:00', '2016-04-12 13:00:00', 3, 'false'),
(1201, 102, 1, 'v.fleitas@bamf.com.mx', '2016-04-12 15:00:00', '2016-04-12 19:00:00', 4, 'false'),
(1202, 146, 1, 'j.haro@bamf.com.mx', '2016-04-11 10:00:00', '2016-04-11 13:00:00', 3, 'false'),
(1203, 146, 1, 'j.haro@bamf.com.mx', '2016-04-11 15:00:00', '2016-04-11 19:00:00', 4, 'false'),
(1206, 146, 1, 'k.garcia@bamf.com.mx', '2016-04-18 10:00:00', '2016-04-18 13:00:00', 3, 'false'),
(1210, 190, 1, 'p.esparza@bamf.com.mx', '2016-04-11 10:00:00', '2016-04-11 13:00:00', 3, 'false'),
(1212, 158, 1, 'p.esparza@bamf.com.mx', '2016-04-11 15:00:00', '2016-04-11 19:00:00', 4, 'false'),
(1214, 204, 1, 'p.esparza@bamf.com.mx', '2016-04-12 10:00:00', '2016-04-12 13:00:00', 3, 'false'),
(1215, 204, 1, 'p.esparza@bamf.com.mx', '2016-04-12 15:00:00', '2016-04-12 19:00:00', 4, 'false'),
(1216, 212, 1, 'd.alvarez@bamf.com.mx', '2016-04-11 10:00:00', '2016-04-11 13:00:00', 3, 'false'),
(1217, 49, 2, 'h.ramirez@bamf.com.mx', '2016-04-11 15:00:00', '2016-04-11 19:00:00', 4, 'false'),
(1218, 49, 2, 'h.ramirez@bamf.com.mx', '2016-04-12 15:00:00', '2016-04-12 19:00:00', 4, 'false'),
(1219, 49, 2, 'h.ramirez@bamf.com.mx', '2016-04-13 15:00:00', '2016-04-13 19:00:00', 4, 'false'),
(1220, 49, 2, 'h.ramirez@bamf.com.mx', '2016-04-14 15:00:00', '2016-04-14 19:00:00', 4, 'false'),
(1222, 213, 1, 'r.rodriguez@bamf.com.mx', '2016-04-11 10:00:00', '2016-04-11 11:30:00', 1, 'false'),
(1223, 148, 3, 'm.gamez@bamf.com.mx', '2016-04-11 10:00:00', '2016-04-11 13:00:00', 3, 'false'),
(1224, 214, 1, 'm.gamez@bamf.com.mx', '2016-04-11 15:00:00', '2016-04-11 19:00:00', 4, 'false'),
(1225, 33, 2, 'j.galvan@bamf.com.mx', '2016-04-12 10:00:00', '2016-04-12 11:30:00', 1, 'false'),
(1226, 198, 1, 'j.galvan@bamf.com.mx', '2016-04-12 11:30:00', '2016-04-12 13:00:00', 1, 'false'),
(1227, 174, 3, 'j.galvan@bamf.com.mx', '2016-04-12 15:00:00', '2016-04-12 19:00:00', 4, 'false'),
(1228, 193, 1, 'j.galvan@bamf.com.mx', '2016-04-13 10:00:00', '2016-04-13 13:00:00', 3, 'false'),
(1229, 43, 1, 'j.galvan@bamf.com.mx', '2016-04-13 15:00:00', '2016-04-13 19:00:00', 4, 'false'),
(1230, 33, 2, 'j.galvan@bamf.com.mx', '2016-04-14 10:00:00', '2016-04-14 13:00:00', 3, 'false'),
(1231, 83, 1, 'j.galvan@bamf.com.mx', '2016-04-14 15:00:00', '2016-04-14 19:00:00', 4, 'false'),
(1232, 83, 1, 'j.galvan@bamf.com.mx', '2016-04-15 10:00:00', '2016-04-15 12:30:00', 2, 'false'),
(1233, 198, 1, 'j.galvan@bamf.com.mx', '2016-04-15 12:30:00', '2016-04-15 15:00:00', 2, 'false'),
(1235, 83, 1, 'j.galvan@bamf.com.mx', '2016-04-18 10:00:00', '2016-04-18 13:00:00', 3, 'false'),
(1236, 166, 3, 'j.galvan@bamf.com.mx', '2016-04-18 15:00:00', '2016-04-18 17:00:00', 2, 'false'),
(1237, 157, 1, 'j.galvan@bamf.com.mx', '2016-04-18 17:00:00', '2016-04-18 19:00:00', 2, 'false'),
(1238, 95, 3, 'j.galvan@bamf.com.mx', '2016-04-19 10:00:00', '2016-04-19 13:00:00', 3, 'false'),
(1239, 205, 1, 'j.galvan@bamf.com.mx', '2016-04-19 15:00:00', '2016-04-19 19:00:00', 4, 'false'),
(1240, 166, 3, 'j.galvan@bamf.com.mx', '2016-04-20 10:00:00', '2016-04-20 13:00:00', 3, 'false'),
(1241, 198, 1, 'j.galvan@bamf.com.mx', '2016-04-20 15:00:00', '2016-04-20 17:00:00', 2, 'false'),
(1242, 51, 1, 'j.galvan@bamf.com.mx', '2016-04-20 17:00:00', '2016-04-20 19:00:00', 2, 'false'),
(1244, 33, 2, 'j.galvan@bamf.com.mx', '2016-04-21 10:00:00', '2016-04-21 13:00:00', 3, 'false'),
(1245, 198, 1, 'j.galvan@bamf.com.mx', '2016-04-21 15:00:00', '2016-04-21 17:00:00', 2, 'false'),
(1246, 8, 1, 'j.galvan@bamf.com.mx', '2016-04-21 17:00:00', '2016-04-21 19:00:00', 2, 'false'),
(1247, 194, 1, 'a.chicurel@bamf.com.mx', '2016-04-13 15:00:00', '2016-04-13 19:00:00', 4, 'false'),
(1249, 43, 1, 'a.chicurel@bamf.com.mx', '2016-04-14 10:00:00', '2016-04-14 13:00:00', 3, 'false'),
(1250, 43, 1, 'a.chicurel@bamf.com.mx', '2016-04-14 15:00:00', '2016-04-14 19:00:00', 4, 'false'),
(1251, 204, 1, 'a.chicurel@bamf.com.mx', '2016-04-15 10:00:00', '2016-04-15 12:30:00', 2, 'false'),
(1252, 83, 1, 'a.chicurel@bamf.com.mx', '2016-04-15 12:30:00', '2016-04-15 15:00:00', 2, 'false'),
(1253, 83, 1, 'a.chicurel@bamf.com.mx', '2016-04-18 10:00:00', '2016-04-18 13:00:00', 3, 'false'),
(1254, 83, 1, 'a.chicurel@bamf.com.mx', '2016-04-18 15:00:00', '2016-04-18 19:00:00', 4, 'false'),
(1255, 200, 1, 'a.chicurel@bamf.com.mx', '2016-04-19 10:00:00', '2016-04-19 11:30:00', 1, 'false'),
(1256, 143, 1, 'a.chicurel@bamf.com.mx', '2016-04-19 15:00:00', '2016-04-19 19:00:00', 4, 'false'),
(1257, 224, 1, 'a.chicurel@bamf.com.mx', '2016-04-20 10:00:00', '2016-04-20 13:00:00', 3, 'false'),
(1258, 204, 1, 'a.chicurel@bamf.com.mx', '2016-04-20 15:00:00', '2016-04-20 19:00:00', 4, 'false'),
(1259, 204, 1, 'a.chicurel@bamf.com.mx', '2016-04-21 10:00:00', '2016-04-21 13:00:00', 3, 'false'),
(1260, 204, 1, 'a.chicurel@bamf.com.mx', '2016-04-21 15:00:00', '2016-04-21 19:00:00', 4, 'false'),
(1261, 51, 1, 'a.chicurel@bamf.com.mx', '2016-04-22 12:30:00', '2016-04-22 15:00:00', 2, 'false'),
(1263, 231, 1, 'a.chicurel@bamf.com.mx', '2016-04-19 11:30:00', '2016-04-19 13:00:00', 1, 'false'),
(1264, 43, 1, 'v.salazar@bamf.com.mx', '2016-04-13 10:00:00', '2016-04-13 13:00:00', 3, 'false'),
(1265, 194, 1, 'v.salazar@bamf.com.mx', '2016-04-13 15:00:00', '2016-04-13 17:30:00', 2, 'false'),
(1266, 33, 2, 'v.salazar@bamf.com.mx', '2016-04-13 17:30:00', '2016-04-13 19:00:00', 1, 'false'),
(1267, 83, 1, 'v.salazar@bamf.com.mx', '2016-04-14 15:00:00', '2016-04-14 19:00:00', 4, 'false'),
(1268, 83, 1, 'v.salazar@bamf.com.mx', '2016-04-15 10:00:00', '2016-04-15 12:30:00', 2, 'false'),
(1269, 43, 1, 'v.salazar@bamf.com.mx', '2016-04-15 12:30:00', '2016-04-15 15:00:00', 2, 'false'),
(1270, 217, 1, 'v.fleitas@bamf.com.mx', '2016-04-13 10:00:00', '2016-04-13 13:00:00', 3, 'false'),
(1271, 102, 1, 'v.fleitas@bamf.com.mx', '2016-04-13 15:00:00', '2016-04-13 19:00:00', 4, 'false'),
(1272, 211, 1, 'v.fleitas@bamf.com.mx', '2016-04-14 10:00:00', '2016-04-14 13:00:00', 3, 'false'),
(1273, 169, 1, 'v.fleitas@bamf.com.mx', '2016-04-14 17:00:00', '2016-04-14 19:00:00', 2, 'false'),
(1274, 217, 1, 'v.fleitas@bamf.com.mx', '2016-04-14 15:00:00', '2016-04-14 17:00:00', 2, 'false'),
(1276, 21, 1, 'v.fleitas@bamf.com.mx', '2016-04-15 10:00:00', '2016-04-15 12:30:00', 2, 'false'),
(1277, 210, 1, 'v.fleitas@bamf.com.mx', '2016-04-15 12:30:00', '2016-04-15 15:00:00', 2, 'false'),
(1278, 146, 1, 'j.haro@bamf.com.mx', '2016-04-18 10:00:00', '2016-04-18 13:00:00', 3, 'false'),
(1279, 146, 1, 'j.haro@bamf.com.mx', '2016-04-18 17:00:00', '2016-04-18 19:00:00', 2, 'false'),
(1280, 103, 1, 'j.haro@bamf.com.mx', '2016-04-18 15:00:00', '2016-04-18 17:00:00', 2, 'false'),
(1285, 175, 1, 'j.haro@bamf.com.mx', '2016-04-12 10:00:00', '2016-04-12 13:00:00', 3, 'false');
INSERT INTO `participantes` (`idEvento`, `idProyecto`, `idEtapa`, `correoElectronico`, `startdate`, `enddate`, `horas`, `allDay`) VALUES
(1286, 232, 1, 'j.haro@bamf.com.mx', '2016-04-12 15:00:00', '2016-04-12 19:00:00', 4, 'false'),
(1287, 232, 1, 'j.haro@bamf.com.mx', '2016-04-13 10:00:00', '2016-04-13 13:00:00', 3, 'false'),
(1288, 151, 1, 'j.haro@bamf.com.mx', '2016-04-13 15:00:00', '2016-04-13 19:00:00', 4, 'false'),
(1289, 146, 1, 'j.haro@bamf.com.mx', '2016-04-14 10:00:00', '2016-04-14 13:00:00', 3, 'false'),
(1291, 48, 1, 'j.haro@bamf.com.mx', '2016-04-14 15:00:00', '2016-04-14 19:00:00', 4, 'false'),
(1292, 222, 1, 'j.haro@bamf.com.mx', '2016-04-15 10:00:00', '2016-04-15 11:30:00', 1, 'false'),
(1293, 218, 1, 'j.haro@bamf.com.mx', '2016-04-15 11:30:00', '2016-04-15 13:00:00', 1, 'false'),
(1294, 48, 1, 'j.haro@bamf.com.mx', '2016-04-15 13:00:00', '2016-04-15 15:00:00', 2, 'false'),
(1295, 218, 1, 'k.garcia@bamf.com.mx', '2016-04-11 10:00:00', '2016-04-11 13:00:00', 3, 'false'),
(1296, 232, 1, 'k.garcia@bamf.com.mx', '2016-04-11 15:00:00', '2016-04-11 19:00:00', 4, 'false'),
(1298, 204, 1, 'k.garcia@bamf.com.mx', '2016-04-12 10:00:00', '2016-04-12 13:00:00', 3, 'false'),
(1299, 204, 1, 'k.garcia@bamf.com.mx', '2016-04-12 15:00:00', '2016-04-12 19:00:00', 4, 'false'),
(1300, 204, 1, 'k.garcia@bamf.com.mx', '2016-04-13 15:00:00', '2016-04-13 19:00:00', 4, 'false'),
(1301, 204, 1, 'k.garcia@bamf.com.mx', '2016-04-14 10:00:00', '2016-04-14 13:00:00', 3, 'false'),
(1302, 176, 1, 'k.garcia@bamf.com.mx', '2016-04-14 15:00:00', '2016-04-14 19:00:00', 4, 'false'),
(1303, 188, 1, 'k.garcia@bamf.com.mx', '2016-04-15 10:00:00', '2016-04-15 15:00:00', 5, 'false'),
(1304, 158, 1, 'p.esparza@bamf.com.mx', '2016-04-13 10:00:00', '2016-04-13 13:00:00', 3, 'false'),
(1305, 3, 1, 'p.esparza@bamf.com.mx', '2016-04-14 15:00:00', '2016-04-14 19:00:00', 4, 'false'),
(1306, 204, 1, 'p.esparza@bamf.com.mx', '2016-04-13 15:00:00', '2016-04-13 19:00:00', 4, 'false'),
(1307, 204, 1, 'p.esparza@bamf.com.mx', '2016-04-14 10:00:00', '2016-04-14 13:00:00', 3, 'false'),
(1309, 204, 1, 'p.esparza@bamf.com.mx', '2016-04-15 10:00:00', '2016-04-15 12:30:00', 2, 'false'),
(1310, 3, 1, 'p.esparza@bamf.com.mx', '2016-04-15 12:30:00', '2016-04-15 15:00:00', 2, 'false'),
(1311, 232, 1, 'd.alvarez@bamf.com.mx', '2016-04-11 15:00:00', '2016-04-11 17:00:00', 2, 'false'),
(1313, 100, 2, 'd.alvarez@bamf.com.mx', '2016-04-12 10:00:00', '2016-04-12 13:00:00', 3, 'false'),
(1314, 232, 1, 'd.alvarez@bamf.com.mx', '2016-04-12 15:00:00', '2016-04-12 19:00:00', 4, 'false'),
(1315, 216, 1, 'd.alvarez@bamf.com.mx', '2016-04-13 10:00:00', '2016-04-13 13:00:00', 3, 'false'),
(1316, 204, 1, 'd.alvarez@bamf.com.mx', '2016-04-13 15:00:00', '2016-04-13 19:00:00', 4, 'false'),
(1317, 216, 1, 'd.alvarez@bamf.com.mx', '2016-04-14 10:00:00', '2016-04-14 13:00:00', 3, 'false'),
(1319, 48, 1, 'd.alvarez@bamf.com.mx', '2016-04-14 15:00:00', '2016-04-14 19:00:00', 4, 'false'),
(1320, 233, 1, 'd.alvarez@bamf.com.mx', '2016-04-11 17:00:00', '2016-04-11 19:00:00', 2, 'false'),
(1321, 233, 1, 'd.alvarez@bamf.com.mx', '2016-04-15 10:00:00', '2016-04-15 12:30:00', 2, 'false'),
(1322, 48, 1, 'd.alvarez@bamf.com.mx', '2016-04-15 12:30:00', '2016-04-15 15:00:00', 2, 'false'),
(1323, 49, 2, 'h.ramirez@bamf.com.mx', '2016-04-15 10:00:00', '2016-04-15 14:00:00', 4, 'false'),
(1325, 218, 1, 'm.aparicio@bamf.com.mx', '2016-04-11 10:00:00', '2016-04-11 13:00:00', 3, 'false'),
(1326, 220, 1, 'm.aparicio@bamf.com.mx', '2016-04-11 15:00:00', '2016-04-11 19:00:00', 4, 'false'),
(1327, 204, 1, 'm.aparicio@bamf.com.mx', '2016-04-12 10:00:00', '2016-04-12 13:00:00', 3, 'false'),
(1328, 204, 1, 'm.aparicio@bamf.com.mx', '2016-04-12 15:00:00', '2016-04-12 19:00:00', 4, 'false'),
(1329, 204, 1, 'm.aparicio@bamf.com.mx', '2016-04-13 10:00:00', '2016-04-13 13:00:00', 3, 'false'),
(1330, 221, 1, 'm.aparicio@bamf.com.mx', '2016-04-13 15:00:00', '2016-04-13 19:00:00', 4, 'false'),
(1331, 221, 1, 'm.aparicio@bamf.com.mx', '2016-04-14 10:00:00', '2016-04-14 13:00:00', 3, 'false'),
(1332, 220, 1, 'm.aparicio@bamf.com.mx', '2016-04-14 15:00:00', '2016-04-14 19:00:00', 4, 'false'),
(1333, 221, 1, 'm.aparicio@bamf.com.mx', '2016-04-15 10:00:00', '2016-04-15 12:30:00', 2, 'false'),
(1334, 222, 1, 'm.aparicio@bamf.com.mx', '2016-04-15 12:30:00', '2016-04-15 15:00:00', 2, 'false'),
(1335, 51, 1, 'v.salazar@bamf.com.mx', '2016-04-18 10:00:00', '2016-04-18 13:00:00', 3, 'false'),
(1336, 234, 1, 'v.salazar@bamf.com.mx', '2016-04-18 15:00:00', '2016-04-18 19:00:00', 4, 'false'),
(1337, 234, 1, 'v.salazar@bamf.com.mx', '2016-04-19 10:00:00', '2016-04-19 13:00:00', 3, 'false'),
(1338, 234, 1, 'v.salazar@bamf.com.mx', '2016-04-19 15:00:00', '2016-04-19 19:00:00', 4, 'false'),
(1339, 83, 1, 'v.salazar@bamf.com.mx', '2016-04-20 10:00:00', '2016-04-20 13:00:00', 3, 'false'),
(1340, 83, 1, 'v.salazar@bamf.com.mx', '2016-04-20 15:00:00', '2016-04-20 19:00:00', 4, 'false'),
(1341, 234, 1, 'v.salazar@bamf.com.mx', '2016-04-21 10:00:00', '2016-04-21 13:00:00', 3, 'false'),
(1342, 226, 1, 'v.salazar@bamf.com.mx', '2016-04-21 15:00:00', '2016-04-21 19:00:00', 4, 'false'),
(1354, 102, 1, 'v.fleitas@bamf.com.mx', '2016-04-18 10:00:00', '2016-04-18 13:00:00', 3, 'false'),
(1355, 169, 1, 'v.fleitas@bamf.com.mx', '2016-04-18 15:00:00', '2016-04-18 19:00:00', 4, 'false'),
(1356, 225, 1, 'v.fleitas@bamf.com.mx', '2016-04-19 10:00:00', '2016-04-19 13:00:00', 3, 'false'),
(1357, 211, 1, 'v.fleitas@bamf.com.mx', '2016-04-19 15:00:00', '2016-04-19 19:00:00', 4, 'false'),
(1359, 225, 1, 'v.fleitas@bamf.com.mx', '2016-04-20 10:00:00', '2016-04-20 11:30:00', 1, 'false'),
(1360, 102, 1, 'v.fleitas@bamf.com.mx', '2016-04-20 11:30:00', '2016-04-20 13:00:00', 1, 'false'),
(1361, 185, 1, 'v.fleitas@bamf.com.mx', '2016-04-20 15:00:00', '2016-04-20 19:00:00', 4, 'false'),
(1362, 218, 1, 'j.haro@bamf.com.mx', '2016-04-19 10:00:00', '2016-04-19 13:00:00', 3, 'false'),
(1363, 151, 1, 'j.haro@bamf.com.mx', '2016-04-19 15:00:00', '2016-04-19 19:00:00', 4, 'false'),
(1364, 51, 1, 'j.haro@bamf.com.mx', '2016-04-20 10:00:00', '2016-04-20 13:00:00', 3, 'false'),
(1365, 235, 1, 'j.haro@bamf.com.mx', '2016-04-20 15:00:00', '2016-04-20 19:00:00', 4, 'false'),
(1366, 236, 1, 'j.haro@bamf.com.mx', '2016-04-21 10:00:00', '2016-04-21 13:00:00', 3, 'false'),
(1367, 101, 1, 'j.haro@bamf.com.mx', '2016-04-21 15:00:00', '2016-04-21 19:00:00', 4, 'false'),
(1368, 101, 1, 'j.haro@bamf.com.mx', '2016-04-22 10:00:00', '2016-04-22 15:00:00', 5, 'false'),
(1370, 146, 1, 'k.garcia@bamf.com.mx', '2016-04-18 17:00:00', '2016-04-18 19:00:00', 2, 'false'),
(1371, 103, 1, 'k.garcia@bamf.com.mx', '2016-04-18 15:00:00', '2016-04-18 17:00:00', 2, 'false'),
(1372, 48, 1, 'k.garcia@bamf.com.mx', '2016-04-19 10:00:00', '2016-04-19 13:00:00', 3, 'false'),
(1373, 176, 1, 'k.garcia@bamf.com.mx', '2016-04-19 15:00:00', '2016-04-19 19:00:00', 4, 'false'),
(1374, 92, 1, 'k.garcia@bamf.com.mx', '2016-04-20 10:00:00', '2016-04-20 13:00:00', 3, 'false'),
(1375, 195, 1, 'k.garcia@bamf.com.mx', '2016-04-20 15:00:00', '2016-04-20 19:00:00', 4, 'false'),
(1376, 48, 1, 'k.garcia@bamf.com.mx', '2016-04-21 10:00:00', '2016-04-21 13:00:00', 3, 'false'),
(1377, 204, 1, 'k.garcia@bamf.com.mx', '2016-04-21 15:00:00', '2016-04-21 19:00:00', 4, 'false'),
(1378, 188, 1, 'k.garcia@bamf.com.mx', '2016-04-22 10:00:00', '2016-04-22 15:00:00', 5, 'false'),
(1380, 132, 1, 'p.esparza@bamf.com.mx', '2016-04-18 10:00:00', '2016-04-18 13:00:00', 3, 'false'),
(1381, 55, 1, 'p.esparza@bamf.com.mx', '2016-04-18 15:00:00', '2016-04-18 19:00:00', 4, 'false'),
(1382, 158, 1, 'p.esparza@bamf.com.mx', '2016-04-19 10:00:00', '2016-04-19 11:30:00', 1, 'false'),
(1383, 3, 1, 'p.esparza@bamf.com.mx', '2016-04-19 11:30:00', '2016-04-19 13:00:00', 1, 'false'),
(1384, 3, 1, 'p.esparza@bamf.com.mx', '2016-04-19 15:00:00', '2016-04-19 19:00:00', 4, 'false'),
(1385, 146, 1, 'p.esparza@bamf.com.mx', '2016-04-20 10:00:00', '2016-04-20 13:00:00', 3, 'false'),
(1386, 204, 1, 'p.esparza@bamf.com.mx', '2016-04-20 15:00:00', '2016-04-20 19:00:00', 4, 'false'),
(1387, 204, 1, 'p.esparza@bamf.com.mx', '2016-04-21 10:00:00', '2016-04-21 13:00:00', 3, 'false'),
(1388, 204, 1, 'p.esparza@bamf.com.mx', '2016-04-21 15:00:00', '2016-04-21 19:00:00', 4, 'false'),
(1389, 146, 1, 'p.esparza@bamf.com.mx', '2016-04-22 10:00:00', '2016-04-22 15:00:00', 5, 'false'),
(1390, 216, 1, 'd.alvarez@bamf.com.mx', '2016-04-18 10:00:00', '2016-04-18 13:00:00', 3, 'false'),
(1391, 48, 1, 'd.alvarez@bamf.com.mx', '2016-04-18 15:00:00', '2016-04-18 19:00:00', 4, 'false'),
(1392, 233, 1, 'd.alvarez@bamf.com.mx', '2016-04-19 10:00:00', '2016-04-19 11:30:00', 1, 'false'),
(1393, 171, 1, 'd.alvarez@bamf.com.mx', '2016-04-19 11:30:00', '2016-04-19 13:00:00', 1, 'false'),
(1394, 48, 1, 'd.alvarez@bamf.com.mx', '2016-04-19 15:00:00', '2016-04-19 19:00:00', 4, 'false'),
(1395, 48, 1, 'd.alvarez@bamf.com.mx', '2016-04-20 10:00:00', '2016-04-20 13:00:00', 3, 'false'),
(1396, 48, 1, 'd.alvarez@bamf.com.mx', '2016-04-20 15:00:00', '2016-04-20 19:00:00', 4, 'false'),
(1397, 48, 1, 'd.alvarez@bamf.com.mx', '2016-04-21 15:00:00', '2016-04-21 19:00:00', 4, 'false'),
(1398, 48, 1, 'd.alvarez@bamf.com.mx', '2016-04-22 10:00:00', '2016-04-22 15:00:00', 5, 'false'),
(1399, 204, 1, 'd.alvarez@bamf.com.mx', '2016-04-21 10:00:00', '2016-04-21 13:00:00', 3, 'false'),
(1400, 49, 2, 'h.ramirez@bamf.com.mx', '2016-04-18 10:00:00', '2016-04-18 13:00:00', 3, 'false'),
(1401, 49, 2, 'h.ramirez@bamf.com.mx', '2016-04-19 10:00:00', '2016-04-19 13:00:00', 3, 'false'),
(1402, 49, 2, 'h.ramirez@bamf.com.mx', '2016-04-20 10:00:00', '2016-04-20 13:00:00', 3, 'false'),
(1403, 49, 2, 'h.ramirez@bamf.com.mx', '2016-04-22 10:00:00', '2016-04-22 15:00:00', 5, 'false'),
(1404, 64, 2, 'h.ramirez@bamf.com.mx', '2016-04-18 15:00:00', '2016-04-18 19:00:00', 4, 'false'),
(1405, 69, 2, 'h.ramirez@bamf.com.mx', '2016-04-19 15:00:00', '2016-04-19 19:00:00', 4, 'false'),
(1406, 69, 2, 'h.ramirez@bamf.com.mx', '2016-04-20 15:00:00', '2016-04-20 19:00:00', 4, 'false'),
(1407, 237, 1, 'r.rodriguez@bamf.com.mx', '2016-04-18 10:00:00', '2016-04-18 13:00:00', 3, 'false'),
(1408, 237, 1, 'r.rodriguez@bamf.com.mx', '2016-04-19 10:00:00', '2016-04-19 13:00:00', 3, 'false'),
(1409, 237, 1, 'r.rodriguez@bamf.com.mx', '2016-04-20 10:00:00', '2016-04-20 13:00:00', 3, 'false'),
(1410, 216, 1, 'r.rodriguez@bamf.com.mx', '2016-04-18 15:00:00', '2016-04-18 19:00:00', 4, 'false'),
(1411, 192, 1, 'r.rodriguez@bamf.com.mx', '2016-04-19 15:00:00', '2016-04-19 19:00:00', 4, 'false'),
(1412, 51, 1, 'r.rodriguez@bamf.com.mx', '2016-04-20 15:00:00', '2016-04-20 19:00:00', 4, 'false'),
(1413, 191, 1, 'r.rodriguez@bamf.com.mx', '2016-04-21 10:00:00', '2016-04-21 13:00:00', 3, 'false'),
(1414, 101, 1, 'r.rodriguez@bamf.com.mx', '2016-04-21 15:00:00', '2016-04-21 19:00:00', 4, 'false'),
(1415, 221, 1, 'm.aparicio@bamf.com.mx', '2016-04-18 10:00:00', '2016-04-18 13:00:00', 3, 'false'),
(1416, 221, 1, 'm.aparicio@bamf.com.mx', '2016-04-18 15:00:00', '2016-04-18 17:00:00', 2, 'false'),
(1417, 220, 1, 'm.aparicio@bamf.com.mx', '2016-04-18 17:00:00', '2016-04-18 19:00:00', 2, 'false'),
(1418, 222, 1, 'm.aparicio@bamf.com.mx', '2016-04-19 15:00:00', '2016-04-19 19:00:00', 4, 'false'),
(1419, 92, 1, 'm.aparicio@bamf.com.mx', '2016-04-20 10:00:00', '2016-04-20 13:00:00', 3, 'false'),
(1420, 204, 1, 'm.aparicio@bamf.com.mx', '2016-04-20 15:00:00', '2016-04-20 19:00:00', 4, 'false'),
(1421, 204, 1, 'm.aparicio@bamf.com.mx', '2016-04-21 10:00:00', '2016-04-21 13:00:00', 3, 'false'),
(1422, 204, 1, 'm.aparicio@bamf.com.mx', '2016-04-21 15:00:00', '2016-04-21 19:00:00', 4, 'false'),
(1423, 222, 1, 'm.aparicio@bamf.com.mx', '2016-04-22 10:00:00', '2016-04-22 15:00:00', 5, 'false'),
(1424, 198, 1, 'j.galvan@bamf.com.mx', '2016-04-22 10:00:00', '2016-04-22 12:00:00', 2, 'false'),
(1425, 5, 1, 'j.galvan@bamf.com.mx', '2016-04-22 12:00:00', '2016-04-22 13:30:00', 1, 'false'),
(1426, 85, 3, 'j.galvan@bamf.com.mx', '2016-04-22 13:30:00', '2016-04-22 15:00:00', 1, 'false'),
(1427, 226, 1, 'v.salazar@bamf.com.mx', '2016-04-22 10:00:00', '2016-04-22 12:30:00', 2, 'false'),
(1428, 51, 1, 'v.salazar@bamf.com.mx', '2016-04-22 12:30:00', '2016-04-22 15:00:00', 2, 'false'),
(1429, 83, 1, 'a.chicurel@bamf.com.mx', '2016-04-22 10:00:00', '2016-04-22 12:30:00', 2, 'false'),
(1430, 238, 2, 'v.fleitas@bamf.com.mx', '2016-04-21 10:00:00', '2016-04-21 13:00:00', 3, 'false'),
(1431, 228, 1, 'v.fleitas@bamf.com.mx', '2016-04-21 15:00:00', '2016-04-21 16:00:00', 1, 'false'),
(1432, 225, 1, 'v.fleitas@bamf.com.mx', '2016-04-21 16:00:00', '2016-04-21 18:00:00', 2, 'false'),
(1433, 209, 1, 'v.fleitas@bamf.com.mx', '2016-04-21 18:00:00', '2016-04-21 19:00:00', 1, 'false'),
(1434, 226, 1, 'v.fleitas@bamf.com.mx', '2016-04-22 10:00:00', '2016-04-22 13:30:00', 3, 'false'),
(1435, 206, 1, 'v.fleitas@bamf.com.mx', '2016-04-22 13:30:00', '2016-04-22 15:00:00', 1, 'false'),
(1437, 217, 1, 'h.ramirez@bamf.com.mx', '2016-04-21 10:00:00', '2016-04-21 13:00:00', 3, 'false'),
(1438, 217, 1, 'h.ramirez@bamf.com.mx', '2016-04-21 15:00:00', '2016-04-21 19:00:00', 4, 'false'),
(1441, 221, 1, 'm.aparicio@bamf.com.mx', '2016-04-19 10:00:00', '2016-04-19 13:00:00', 3, 'false'),
(1442, 95, 3, 'j.galvan@bamf.com.mx', '2016-04-25 09:00:00', '2016-04-25 13:00:00', 4, 'false'),
(1443, 95, 3, 'j.galvan@bamf.com.mx', '2016-04-25 15:00:00', '2016-04-25 19:00:00', 4, 'false'),
(1444, 198, 1, 'j.galvan@bamf.com.mx', '2016-04-26 10:00:00', '2016-04-26 13:00:00', 3, 'false'),
(1445, 33, 2, 'j.galvan@bamf.com.mx', '2016-04-27 10:00:00', '2016-04-27 11:30:00', 1, 'false'),
(1446, 8, 1, 'j.galvan@bamf.com.mx', '2016-04-27 15:00:00', '2016-04-27 19:00:00', 4, 'false'),
(1447, 198, 1, 'j.galvan@bamf.com.mx', '2016-04-27 11:30:00', '2016-04-27 13:00:00', 1, 'false'),
(1448, 33, 2, 'j.galvan@bamf.com.mx', '2016-04-28 10:00:00', '2016-04-28 13:00:00', 3, 'false'),
(1449, 33, 2, 'j.galvan@bamf.com.mx', '2016-04-28 15:00:00', '2016-04-28 16:00:00', 1, 'false'),
(1450, 51, 1, 'j.galvan@bamf.com.mx', '2016-04-29 10:00:00', '2016-04-29 13:00:00', 3, 'false'),
(1451, 48, 1, 'j.galvan@bamf.com.mx', '2016-04-26 15:00:00', '2016-04-26 19:00:00', 4, 'false'),
(1452, 214, 1, 'v.salazar@bamf.com.mx', '2016-04-25 10:00:00', '2016-04-25 13:00:00', 3, 'false'),
(1453, 194, 1, 'v.salazar@bamf.com.mx', '2016-04-26 10:00:00', '2016-04-26 13:00:00', 3, 'false'),
(1454, 194, 1, 'v.salazar@bamf.com.mx', '2016-04-27 15:00:00', '2016-04-27 19:00:00', 4, 'false'),
(1455, 51, 1, 'v.salazar@bamf.com.mx', '2016-04-26 15:00:00', '2016-04-26 19:00:00', 4, 'false'),
(1456, 83, 1, 'v.salazar@bamf.com.mx', '2016-04-27 10:00:00', '2016-04-27 13:00:00', 3, 'false'),
(1457, 85, 3, 'v.salazar@bamf.com.mx', '2016-04-28 10:00:00', '2016-04-28 13:00:00', 3, 'false'),
(1458, 102, 1, 'v.salazar@bamf.com.mx', '2016-04-28 15:00:00', '2016-04-28 17:00:00', 2, 'false'),
(1459, 194, 1, 'v.salazar@bamf.com.mx', '2016-04-28 17:00:00', '2016-04-28 19:00:00', 2, 'false'),
(1460, 194, 1, 'v.salazar@bamf.com.mx', '2016-04-29 11:30:00', '2016-04-29 13:00:00', 1, 'false'),
(1461, 8, 1, 'v.salazar@bamf.com.mx', '2016-04-29 10:00:00', '2016-04-29 11:30:00', 1, 'false'),
(1462, 204, 1, 'a.chicurel@bamf.com.mx', '2016-04-26 10:00:00', '2016-04-26 11:30:00', 1, 'false'),
(1463, 92, 1, 'a.chicurel@bamf.com.mx', '2016-04-26 11:30:00', '2016-04-26 13:00:00', 1, 'false'),
(1464, 51, 1, 'a.chicurel@bamf.com.mx', '2016-04-27 10:00:00', '2016-04-27 13:00:00', 3, 'false'),
(1465, 51, 1, 'a.chicurel@bamf.com.mx', '2016-04-27 15:00:00', '2016-04-27 19:00:00', 4, 'false'),
(1466, 95, 3, 'j.haro@bamf.com.mx', '2016-04-25 09:00:00', '2016-04-25 13:00:00', 4, 'false'),
(1467, 95, 3, 'j.haro@bamf.com.mx', '2016-04-25 15:00:00', '2016-04-25 19:00:00', 4, 'false'),
(1468, 3, 1, 'j.haro@bamf.com.mx', '2016-04-26 10:00:00', '2016-04-26 13:00:00', 3, 'false'),
(1469, 51, 1, 'j.haro@bamf.com.mx', '2016-04-26 15:00:00', '2016-04-26 19:00:00', 4, 'false'),
(1470, 151, 1, 'j.haro@bamf.com.mx', '2016-04-27 10:00:00', '2016-04-27 13:00:00', 3, 'false'),
(1471, 151, 1, 'j.haro@bamf.com.mx', '2016-04-27 15:00:00', '2016-04-27 19:00:00', 4, 'false'),
(1472, 151, 1, 'j.haro@bamf.com.mx', '2016-04-28 10:00:00', '2016-04-28 13:00:00', 3, 'false'),
(1474, 101, 1, 'j.haro@bamf.com.mx', '2016-04-28 15:00:00', '2016-04-28 19:00:00', 4, 'false'),
(1476, 48, 1, 'k.garcia@bamf.com.mx', '2016-04-26 10:00:00', '2016-04-26 13:00:00', 3, 'false'),
(1477, 48, 1, 'k.garcia@bamf.com.mx', '2016-04-26 15:00:00', '2016-04-26 19:00:00', 4, 'false'),
(1478, 176, 1, 'k.garcia@bamf.com.mx', '2016-04-27 15:00:00', '2016-04-27 19:00:00', 4, 'false'),
(1479, 204, 1, 'p.esparza@bamf.com.mx', '2016-04-25 10:00:00', '2016-04-25 13:00:00', 3, 'false'),
(1481, 204, 1, 'p.esparza@bamf.com.mx', '2016-04-25 15:00:00', '2016-04-25 16:30:00', 1, 'false'),
(1482, 204, 1, 'p.esparza@bamf.com.mx', '2016-04-26 10:00:00', '2016-04-26 12:00:00', 2, 'false'),
(1483, 51, 1, 'p.esparza@bamf.com.mx', '2016-04-26 15:00:00', '2016-04-26 19:00:00', 4, 'false'),
(1484, 218, 1, 'p.esparza@bamf.com.mx', '2016-04-27 10:00:00', '2016-04-27 11:30:00', 1, 'false'),
(1485, 151, 1, 'p.esparza@bamf.com.mx', '2016-04-27 11:30:00', '2016-04-27 13:00:00', 1, 'false'),
(1486, 151, 1, 'p.esparza@bamf.com.mx', '2016-04-27 15:00:00', '2016-04-27 17:00:00', 2, 'false'),
(1487, 3, 1, 'p.esparza@bamf.com.mx', '2016-04-27 17:00:00', '2016-04-27 19:00:00', 2, 'false'),
(1488, 204, 1, 'p.esparza@bamf.com.mx', '2016-04-28 10:00:00', '2016-04-28 11:30:00', 1, 'false'),
(1489, 190, 1, 'p.esparza@bamf.com.mx', '2016-04-28 11:30:00', '2016-04-28 13:00:00', 1, 'false'),
(1490, 3, 1, 'p.esparza@bamf.com.mx', '2016-04-28 15:00:00', '2016-04-28 19:00:00', 4, 'false'),
(1491, 3, 1, 'p.esparza@bamf.com.mx', '2016-04-29 11:30:00', '2016-04-29 13:00:00', 1, 'false'),
(1493, 151, 1, 'p.esparza@bamf.com.mx', '2016-04-29 10:00:00', '2016-04-29 11:30:00', 1, 'false');

-- --------------------------------------------------------

--
-- Estructura de tabla para la tabla `programador`
--

CREATE TABLE `programador` (
  `idProgramador` int(30) UNSIGNED NOT NULL,
  `correoElectronico` varchar(255) COLLATE latin1_spanish_ci NOT NULL,
  `color` varchar(255) CHARACTER SET utf8 COLLATE utf8_bin NOT NULL,
  `tipoProgramador` tinyint(1) NOT NULL DEFAULT '0' COMMENT '0 programador jr. 1 programador sr.',
  `fechaIngreso` timestamp NOT NULL DEFAULT CURRENT_TIMESTAMP COMMENT 'fecha en la que ingreso al sistema.',
  `celula` tinyint(1) NOT NULL DEFAULT '0' COMMENT '0 consumo, 1 coorporativo',
  `status` smallint(30) UNSIGNED NOT NULL DEFAULT '1' COMMENT '0 suspendido, 1 activo, 2 NO activo',
  `costoHora` float UNSIGNED NOT NULL DEFAULT '0'
) ENGINE=InnoDB DEFAULT CHARSET=latin1 COLLATE=latin1_spanish_ci;

--
-- Volcado de datos para la tabla `programador`
--

INSERT INTO `programador` (`idProgramador`, `correoElectronico`, `color`, `tipoProgramador`, `fechaIngreso`, `celula`, `status`, `costoHora`) VALUES
(1, 'h.ramirez@bamf.com.mx', '2F4F4F', 0, '2015-07-21 13:32:51', 1, 1, 70),
(2, 'm.aparicio@bamf.com.mx', 'd8c814', 0, '2016-04-12 00:51:54', 1, 1, 0);

-- --------------------------------------------------------

--
-- Estructura de tabla para la tabla `proyecto`
--

CREATE TABLE `proyecto` (
  `idProyecto` int(30) UNSIGNED NOT NULL,
  `nombreProyecto` int(50) UNSIGNED NOT NULL,
  `actividadProyecto` int(50) UNSIGNED NOT NULL,
  `tipoProyecto` int(30) UNSIGNED NOT NULL,
  `colorProyecto` varchar(220) COLLATE latin1_spanish_ci NOT NULL DEFAULT 'f2f2f2',
  `nombreCliente` int(50) UNSIGNED NOT NULL,
  `marcaCliente` int(50) UNSIGNED DEFAULT NULL,
  `idEtapa` int(11) UNSIGNED NOT NULL DEFAULT '1',
  `descripcion` text COLLATE latin1_spanish_ci,
  `fechaProyecto` timestamp NOT NULL DEFAULT CURRENT_TIMESTAMP,
  `celula` tinyint(1) NOT NULL DEFAULT '0' COMMENT '0 consumo, 1 coorporativo',
  `liderProyecto` varchar(255) COLLATE latin1_spanish_ci NOT NULL,
  `status` smallint(5) UNSIGNED NOT NULL DEFAULT '1' COMMENT '1 activo, 0 no activo, 2 suspendido, 3 entregado.',
  `fechaEntregado` varchar(220) COLLATE latin1_spanish_ci DEFAULT NULL,
  `horasTrabajadas` int(245) UNSIGNED NOT NULL DEFAULT '0',
  `costoTotal` double UNSIGNED DEFAULT NULL
) ENGINE=InnoDB DEFAULT CHARSET=latin1 COLLATE=latin1_spanish_ci;

--
-- Volcado de datos para la tabla `proyecto`
--

INSERT INTO `proyecto` (`idProyecto`, `nombreProyecto`, `actividadProyecto`, `tipoProyecto`, `colorProyecto`, `nombreCliente`, `marcaCliente`, `idEtapa`, `descripcion`, `fechaProyecto`, `celula`, `liderProyecto`, `status`, `fechaEntregado`, `horasTrabajadas`, `costoTotal`) VALUES
(3, 6, 2, 3, '9e0aa1', 13, 18, 1, '', '2016-01-05 00:12:47', 1, 'p.esparza@bamf.com.mx', 1, '', 41, 3233),
(4, 7, 3, 4, '16e38a', 1, 19, 1, '', '2016-01-05 00:16:29', 1, 'k.garcia@bamf.com.mx', 1, NULL, 6, 0),
(5, 8, 4, 5, 'f66951', 2, 13, 1, '', '2016-01-05 00:20:41', 0, 'j.galvan@bamf.com.mx', 1, NULL, 10, 1480),
(6, 9, 5, 6, '44c90d', 3, 4, 1, '', '2016-01-05 00:26:48', 0, 'j.galvan@bamf.com.mx', 1, NULL, 3, 226.5),
(7, 10, 1, 6, '377af1', 1, 6, 1, '', '2016-01-08 23:33:57', 0, 'j.galvan@bamf.com.mx', 1, NULL, 6, 0),
(8, 11, 1, 1, 'fd5092', 2, 16, 1, '', '2016-01-08 23:35:31', 0, 'j.galvan@bamf.com.mx', 1, NULL, 78, 10027),
(9, 12, 1, 6, 'b4c90e', 1, 6, 1, '', '2016-01-08 23:45:55', 0, 'j.galvan@bamf.com.mx', 1, NULL, 4, 320),
(10, 13, 1, 1, 'ef9d7e', 1, 7, 1, '', '2016-01-08 23:48:30', 0, 'j.galvan@bamf.com.mx', 1, NULL, 5, 432),
(11, 14, 1, 1, 'f78cbc', 1, 7, 1, '', '2016-01-08 23:49:08', 0, 'j.galvan@bamf.com.mx', 1, NULL, 0, 0),
(13, 15, 4, 1, '1b906', 1, 7, 2, '', '2016-01-08 23:51:54', 0, 'j.galvan@bamf.com.mx', 1, NULL, 2, 0),
(14, 16, 1, 6, 'c33d36', 3, 4, 1, '', '2016-01-09 00:02:35', 0, 'j.galvan@bamf.com.mx', 1, NULL, 5, 377.5),
(15, 17, 5, 6, 'cdaf2b', 3, 4, 3, '', '2016-01-09 00:25:46', 0, 'm.gamez@bamf.com.mx', 1, NULL, 1, 0),
(16, 18, 3, 6, 'a4c9dc', 3, 4, 1, '', '2016-01-11 16:47:37', 0, 'j.galvan@bamf.com.mx', 1, NULL, 1, 81.5),
(18, 21, 4, 1, '96d938', 22, 23, 2, '', '2016-01-11 23:06:27', 0, 'j.galvan@bamf.com.mx', 1, NULL, 20, 887.5),
(19, 22, 4, 6, '5deb37', 3, 4, 1, '', '2016-01-11 23:17:39', 0, 'j.galvan@bamf.com.mx', 1, NULL, 1, 0),
(20, 23, 6, 6, '338fcf', 3, 4, 3, '', '2016-01-11 23:19:20', 0, 'm.gamez@bamf.com.mx', 1, NULL, 0, NULL),
(21, 24, 6, 6, 'c15d28', 3, 4, 1, '', '2016-01-11 23:20:50', 0, 'j.galvan@bamf.com.mx', 1, NULL, 2, 0),
(22, 25, 1, 6, 'da6845', 3, 4, 1, '', '2016-01-11 23:22:02', 0, 'j.galvan@bamf.com.mx', 1, NULL, 2, 260),
(23, 26, 1, 6, '559863', 3, 4, 1, '', '2016-01-11 23:31:49', 0, 'j.galvan@bamf.com.mx', 1, NULL, 0, NULL),
(24, 29, 7, 6, '23fd79', 3, 4, 2, '', '2016-01-12 16:39:15', 0, 'j.galvan@bamf.com.mx', 1, '', 6, 0),
(25, 30, 1, 1, '2f2ab1', 2, 1, 1, '', '2016-01-24 00:25:25', 0, 'j.galvan@bamf.com.mx', 1, NULL, 29, 1380),
(26, 31, 1, 8, '82ea8a', 2, 9, 1, '', '2016-01-24 00:44:25', 0, 'v.salazar@bamf.com.mx', 1, NULL, 115, 3907),
(28, 33, 1, 4, 'cad053', 1, 6, 1, '', '2016-01-24 01:44:55', 0, 'v.salazar@bamf.com.mx', 1, NULL, 19, 953),
(29, 34, 1, 6, 'c1868d', 22, 22, 1, '', '2016-01-24 01:51:06', 0, 'j.galvan@bamf.com.mx', 1, NULL, 5, 80),
(30, 35, 1, 4, '6c983', 23, 30, 1, '', '2016-01-24 01:55:05', 0, 'j.galvan@bamf.com.mx', 1, NULL, 9, 210),
(31, 36, 1, 4, 'fe6f87', 24, 31, 1, '', '2016-01-24 01:57:29', 0, 'j.galvan@bamf.com.mx', 1, NULL, 13, 0),
(32, 37, 1, 4, '25d7d3', 1, 6, 1, '', '2016-01-24 02:00:52', 1, 'k.garcia@bamf.com.mx', 1, '', 8, 840),
(33, 21, 4, 8, '439319', 2, 10, 2, '', '2016-01-24 02:05:11', 0, 'j.galvan@bamf.com.mx', 1, NULL, 125, 16553.5),
(34, 38, 1, 6, '9efb1b', 1, 6, 1, '', '2016-01-24 02:16:04', 0, 'j.galvan@bamf.com.mx', 1, NULL, 6, 466.5),
(35, 39, 1, 6, 'c93add', 3, 4, 1, '', '2016-01-24 02:20:41', 0, 'j.galvan@bamf.com.mx', 1, NULL, 2, 160),
(36, 40, 1, 1, '923f80', 2, 32, 1, '', '2016-01-24 02:23:36', 0, 'j.galvan@bamf.com.mx', 1, NULL, 12, 820),
(37, 41, 1, 6, '66458e', 3, 4, 1, '', '2016-01-24 02:26:05', 0, 'j.galvan@bamf.com.mx', 1, NULL, 4, 320),
(38, 42, 1, 6, '246df6', 3, 4, 1, '', '2016-01-24 02:27:48', 0, 'j.galvan@bamf.com.mx', 1, NULL, 1, 80),
(39, 43, 4, 1, '6b3080', 1, 7, 2, '', '2016-01-24 02:39:54', 0, 'm.gamez@bamf.com.mx', 1, NULL, 1, 0),
(40, 44, 1, 8, '712477', 1, 7, 1, '', '2016-01-29 15:55:08', 0, 'j.galvan@bamf.com.mx', 1, NULL, 1, 0),
(41, 44, 1, 8, '973db4', 1, 6, 1, '', '2016-01-29 16:07:06', 0, 'j.galvan@bamf.com.mx', 1, NULL, 48, 1288),
(42, 21, 1, 1, 'd7ddbe', 22, 23, 1, 'Ya tiene nombre (O-Nest) pero se tomara una vez que aprueben el registro', '2016-01-29 16:16:15', 0, 'j.galvan@bamf.com.mx', 1, NULL, 6, 0),
(43, 21, 1, 1, 'c69de1', 11, 34, 1, '', '2016-01-29 16:31:18', 0, 'j.galvan@bamf.com.mx', 1, NULL, 207, 14443.5),
(44, 45, 9, 6, '7ad05f', 25, 35, 2, '', '2016-01-29 16:43:06', 1, 'p.esparza@bamf.com.mx', 1, '', 4, 0),
(45, 46, 1, 1, '94339', 28, 36, 1, '', '2016-02-03 16:14:36', 0, 'j.galvan@bamf.com.mx', 1, NULL, 47, 668.5),
(46, 100, 1, 1, '6176d0', 1, 7, 1, '', '2016-02-03 16:57:36', 0, 'j.galvan@bamf.com.mx', 1, '', 17, 105),
(47, 48, 12, 9, '7c64c6', 29, 37, 1, '', '2016-02-04 18:30:00', 1, 'p.esparza@bamf.com.mx', 1, NULL, 23, 1265),
(48, 50, 1, 1, 'b0e388', 2, 38, 1, '', '2016-02-04 18:39:19', 1, 'k.garcia@bamf.com.mx', 1, NULL, 173, 12634),
(49, 52, 4, 3, '5c58af', 31, 39, 2, '', '2016-02-04 18:53:39', 1, 'p.esparza@bamf.com.mx', 1, NULL, 249, 13402),
(50, 53, 9, 10, 'f46460', 4, 40, 2, '', '2016-02-04 19:05:41', 1, 'k.garcia@bamf.com.mx', 1, NULL, 5, 0),
(51, 54, 1, 11, 'd482c3', 32, 41, 1, '', '2016-02-04 19:09:54', 1, 'k.garcia@bamf.com.mx', 1, NULL, 194, 8590.5),
(52, 55, 13, 6, 'b94c3d', 3, 42, 1, '', '2016-02-08 15:33:43', 0, 'v.salazar@bamf.com.mx', 1, NULL, 5, 0),
(53, 31, 1, 11, '91bb5b', 33, 43, 1, '', '2016-02-08 15:35:40', 1, 'k.garcia@bamf.com.mx', 1, NULL, 31, 0),
(54, 56, 4, 12, '971c47', 34, 35, 2, '', '2016-02-08 15:39:55', 1, 'p.esparza@bamf.com.mx', 1, NULL, 8, 0),
(55, 58, 1, 3, 'e6f70', 13, 46, 1, '', '2016-02-08 15:45:08', 1, 'p.esparza@bamf.com.mx', 1, NULL, 58, 4408),
(56, 57, 1, 3, '793452', 35, 45, 3, '', '2016-02-09 16:32:03', 0, 'h.ramirez@bamf.com.mx', 1, NULL, 19, 1430),
(57, 61, 1, 13, 'ef2bd0', 1, 49, 1, '', '2016-02-09 18:19:03', 0, 'v.salazar@bamf.com.mx', 1, NULL, 35, 2305),
(58, 62, 1, 6, 'cb4493', 1, 6, 1, '', '2016-02-09 18:21:38', 0, 'j.galvan@bamf.com.mx', 1, NULL, 32, 1255.5),
(59, 63, 1, 6, '96338c', 3, 42, 1, '', '2016-02-09 18:24:11', 0, 'j.galvan@bamf.com.mx', 1, NULL, 23, 1425),
(60, 64, 1, 4, 'f6fb5f', 1, 18, 1, '', '2016-02-09 18:27:42', 1, 'k.garcia@bamf.com.mx', 1, NULL, 4, 0),
(61, 31, 14, 11, 'b2f72a', 36, 47, 2, '', '2016-02-09 23:46:28', 1, 'p.esparza@bamf.com.mx', 1, NULL, 0, NULL),
(62, 65, 1, 13, 'd4c6f1', 23, 30, 1, '', '2016-02-10 16:46:22', 0, 'v.salazar@bamf.com.mx', 1, NULL, 17, 670),
(63, 21, 4, 1, '4df3eb', 22, 48, 2, '', '2016-02-10 17:06:31', 0, 'j.galvan@bamf.com.mx', 1, NULL, 14, 917),
(64, 66, 3, 11, 'aa5d64', 1, 18, 2, '', '2016-02-10 21:41:34', 1, 'k.garcia@bamf.com.mx', 1, NULL, 22, 1330),
(65, 67, 4, 14, '885830', 23, 29, 3, '', '2016-02-12 16:20:18', 0, 'm.gamez@bamf.com.mx', 1, NULL, 9, 75.5),
(66, 68, 15, 13, '360bf6', 3, 42, 1, '', '2016-02-12 16:29:44', 0, 'j.galvan@bamf.com.mx', 1, NULL, 5, 377.5),
(67, 69, 4, 4, '9127e8', 3, 4, 1, '', '2016-02-12 16:35:22', 0, 'j.galvan@bamf.com.mx', 1, NULL, 1, 75.5),
(68, 70, 1, 4, 'fe380d', 3, 42, 1, '', '2016-02-12 16:49:30', 0, 'j.galvan@bamf.com.mx', 1, NULL, 20, 0),
(69, 71, 4, 3, '636649', 37, 50, 2, '', '2016-02-12 17:26:38', 1, 'p.esparza@bamf.com.mx', 1, NULL, 50, 2870),
(71, 72, 1, 13, '283436', 23, 29, 1, '', '2016-02-13 00:13:48', 0, 'v.salazar@bamf.com.mx', 1, NULL, 17, 1195),
(72, 73, 1, 15, '233f7f', 33, 50, 1, '', '2016-02-13 00:23:47', 1, 'p.esparza@bamf.com.mx', 1, NULL, 20, 240),
(73, 57, 16, 3, '40742c', 1, 52, 1, '', '2016-02-13 00:31:25', 0, 'h.ramirez@bamf.com.mx', 1, NULL, 0, NULL),
(75, 82, 1, 13, 'e28ccc', 3, 42, 1, '', '2016-02-15 21:40:29', 0, 'v.salazar@bamf.com.mx', 1, '', 0, NULL),
(76, 77, 18, 15, 'd4f49', 1, 54, 1, '', '2016-02-15 21:47:40', 1, 'k.garcia@bamf.com.mx', 1, NULL, 4, 240),
(77, 78, 1, 13, '69a673', 3, 4, 1, '', '2016-02-15 21:49:46', 0, 'v.salazar@bamf.com.mx', 1, NULL, 8, 590),
(78, 79, 4, 15, '5257d5', 1, 18, 2, '', '2016-02-15 22:39:19', 1, 'p.esparza@bamf.com.mx', 1, NULL, 5, 335),
(79, 80, 1, 15, '24efc6', 1, 24, 1, '', '2016-02-15 22:40:53', 1, 'k.garcia@bamf.com.mx', 1, NULL, 0, NULL),
(80, 81, 1, 13, 'ad4b8c', 3, 4, 1, '', '2016-02-15 22:42:43', 0, 'v.salazar@bamf.com.mx', 1, NULL, 6, 260),
(82, 84, 19, 11, '816c56', 1, 18, 1, '', '2016-02-16 00:05:37', 1, 'k.garcia@bamf.com.mx', 1, NULL, 1, 85),
(83, 85, 1, 11, 'c8d77f', 40, 18, 1, '', '2016-02-16 00:08:57', 0, 'j.galvan@bamf.com.mx', 1, NULL, 76, 6060),
(84, 84, 19, 11, 'cb2ff9', 40, 18, 1, '', '2016-02-16 00:20:54', 1, 'k.garcia@bamf.com.mx', 1, NULL, 27, 1735),
(85, 75, 17, 13, '4e5130', 6, 53, 3, '', '2016-02-16 01:47:26', 0, 'j.galvan@bamf.com.mx', 1, NULL, 13, 1625),
(86, 86, 4, 16, '3bb103', 1, 17, 2, '', '2016-02-16 22:24:33', 0, 'v.salazar@bamf.com.mx', 1, NULL, 5, 270),
(87, 88, 1, 13, '206a63', 3, 4, 1, '', '2016-02-16 22:33:50', 0, 'v.salazar@bamf.com.mx', 1, NULL, 3, 105),
(88, 89, 1, 13, '74cbdb', 1, 17, 1, '', '2016-02-17 02:01:28', 0, 'j.galvan@bamf.com.mx', 1, NULL, 8, 280),
(89, 90, 1, 15, '927886', 33, 43, 1, '', '2016-02-17 02:09:29', 1, 'k.garcia@bamf.com.mx', 1, NULL, 4, 288),
(90, 91, 1, 13, 'b3e569', 3, 4, 1, '', '2016-02-17 02:17:53', 0, 'v.salazar@bamf.com.mx', 1, NULL, 5, 130),
(91, 92, 17, 1, '9f857b', 23, 29, 1, '', '2016-02-17 02:22:23', 0, 'm.gamez@bamf.com.mx', 1, NULL, 1, 130),
(92, 93, 20, 15, '48c5d2', 37, 52, 1, '', '2016-02-18 00:12:18', 0, 'j.galvan@bamf.com.mx', 1, NULL, 44, 4705),
(93, 37, 1, 11, '3686f7', 23, 29, 1, '', '2016-02-18 00:19:33', 1, 'k.garcia@bamf.com.mx', 1, NULL, 15, 1575),
(94, 35, 1, 15, '13dfc9', 41, 52, 1, '', '2016-02-18 00:22:53', 1, 'k.garcia@bamf.com.mx', 1, NULL, 1, 105),
(95, 94, 21, 17, 'c68d56', 42, 52, 3, '', '2016-02-18 00:27:32', 0, 'j.galvan@bamf.com.mx', 1, NULL, 61, 5130),
(96, 101, 1, 6, 'f05408', 2, 3, 1, '', '2016-02-18 01:21:55', 0, 'j.galvan@bamf.com.mx', 1, NULL, 14, 2730),
(97, 102, 22, 3, '17edd1', 37, 50, 2, '', '2016-02-18 21:57:32', 1, 'h.ramirez@bamf.com.mx', 1, NULL, 10, 700),
(99, 104, 1, 13, '4c2c30', 3, 4, 1, '', '2016-02-18 22:33:40', 0, 'v.salazar@bamf.com.mx', 1, NULL, 2, 170),
(100, 103, 4, 10, '585399', 43, 57, 2, '', '2016-02-18 22:34:26', 1, 'k.garcia@bamf.com.mx', 1, NULL, 22, 1572),
(101, 105, 1, 15, 'b81b7d', 1, 18, 1, '', '2016-02-19 16:38:30', 1, 'k.garcia@bamf.com.mx', 1, NULL, 54, 2767),
(102, 106, 1, 13, '2a9929', 3, 42, 1, '', '2016-02-19 19:57:36', 0, 'j.galvan@bamf.com.mx', 1, NULL, 50, 1550),
(103, 107, 9, 3, '4be73e', 23, 29, 1, '', '2016-02-19 21:34:00', 1, 'k.garcia@bamf.com.mx', 1, NULL, 24, 1406),
(104, 108, 1, 13, 'a1ca28', 3, 4, 3, '', '2016-02-22 16:03:48', 0, 'm.gamez@bamf.com.mx', 1, NULL, 1, 130),
(105, 109, 23, 13, 'dff9b5', 44, 58, 1, '', '2016-02-22 18:40:37', 1, 'k.garcia@bamf.com.mx', 1, NULL, 14, 1470),
(106, 111, 4, 18, '74c801', 37, 50, 1, '', '2016-02-22 22:00:34', 1, 'k.garcia@bamf.com.mx', 1, NULL, 101, 9274),
(107, 112, 1, 11, 'd249ec', 45, 18, 1, '', '2016-02-22 22:54:36', 1, 'k.garcia@bamf.com.mx', 1, NULL, 8, 615),
(108, 113, 23, 4, 'ed9fee', 1, 18, 1, '', '2016-02-22 23:01:47', 1, 'k.garcia@bamf.com.mx', 1, NULL, 20, 1105),
(109, 114, 1, 13, 'e3aa9f', 3, 4, 1, '', '2016-02-23 00:34:45', 0, 'v.salazar@bamf.com.mx', 1, NULL, 0, 0),
(110, 115, 1, 13, '820aa3', 3, 4, 1, '', '2016-02-23 01:24:49', 0, 'v.salazar@bamf.com.mx', 1, NULL, 7, 390),
(111, 116, 1, 10, '70eae', 3, 42, 1, '', '2016-02-23 01:30:48', 0, 'v.salazar@bamf.com.mx', 1, NULL, 3, 0),
(112, 49, 1, 13, 'e391d1', 23, 29, 1, '', '2016-02-23 01:50:19', 0, 'j.galvan@bamf.com.mx', 1, NULL, 1, 0),
(113, 117, 1, 13, '4a7749', 23, 29, 1, '', '2016-02-23 01:53:59', 0, 'v.salazar@bamf.com.mx', 1, NULL, 5, 1000),
(114, 118, 1, 13, '91fa77', 23, 29, 1, '', '2016-02-23 17:56:29', 0, 'j.galvan@bamf.com.mx', 1, NULL, 9, 1225),
(115, 120, 1, 10, '8585d4', 23, 29, 1, '', '2016-02-23 23:08:37', 0, 'v.salazar@bamf.com.mx', 1, NULL, 19, 1360),
(116, 121, 25, 19, 'd9d919', 3, 42, 3, '', '2016-02-24 00:53:25', 0, 'm.gamez@bamf.com.mx', 1, NULL, 3, 390),
(117, 122, 1, 13, 'f07aaf', 3, 4, 1, '', '2016-02-24 01:22:12', 0, 'k.garcia@bamf.com.mx', 1, NULL, 4, 235),
(118, 123, 1, 13, 'ed3bb', 23, 29, 1, '', '2016-02-25 02:36:21', 0, 'v.salazar@bamf.com.mx', 1, NULL, 18, 1180),
(119, 124, 1, 11, 'f56c5e', 2, 59, 1, '', '2016-02-25 18:20:18', 1, 'p.esparza@bamf.com.mx', 1, NULL, 46, 3767),
(120, 125, 26, 15, 'cb8a73', 37, 50, 3, '', '2016-02-25 18:29:52', 0, 'v.salazar@bamf.com.mx', 1, NULL, 0, 0),
(121, 126, 1, 13, '4bb6a6', 3, 42, 1, '', '2016-02-25 18:52:00', 0, 'j.galvan@bamf.com.mx', 1, NULL, 9, 0),
(122, 127, 27, 3, '4b15cb', 46, 60, 3, '', '2016-02-25 19:23:41', 1, 'k.garcia@bamf.com.mx', 1, NULL, 1, 70),
(123, 128, 1, 13, '49a9b5', 3, 42, 1, '', '2016-02-25 20:09:26', 0, 'j.galvan@bamf.com.mx', 1, NULL, 5, 356),
(124, 129, 1, 13, '2c6c60', 23, 29, 1, '', '2016-02-26 22:20:29', 0, 'a.chicurel@bamf.com.mx', 1, NULL, 9, 720),
(125, 130, 28, 11, 'cccf0f', 3, 42, 3, '', '2016-02-29 21:04:05', 0, 'm.gamez@bamf.com.mx', 1, NULL, 2, 260),
(126, 131, 26, 21, '2f9b6e', 47, 18, 1, '', '2016-03-01 01:39:23', 1, 'd.alvarez@bamf.com.mx', 1, NULL, 33, 2376),
(127, 132, 4, 1, 'b54f83', 2, 61, 2, '', '2016-03-01 01:41:34', 0, 'j.galvan@bamf.com.mx', 1, NULL, 5, 1000),
(128, 134, 1, 22, '4140e4', 23, 29, 1, '', '2016-03-01 02:51:36', 1, 'k.garcia@bamf.com.mx', 1, NULL, 9, 630),
(129, 135, 1, 13, 'e7603c', 3, 42, 1, '', '2016-03-01 03:01:48', 0, 'j.galvan@bamf.com.mx', 1, NULL, 14, 420),
(130, 136, 15, 13, '7aba79', 23, 29, 1, '', '2016-03-01 03:07:15', 0, 'j.galvan@bamf.com.mx', 1, NULL, 1, 70),
(131, 137, 4, 13, '8fb205', 3, 42, 2, '', '2016-03-01 03:10:55', 0, 'v.salazar@bamf.com.mx', 1, NULL, 3, 0),
(132, 138, 29, 10, 'fa7f59', 1, 6, 1, '', '2016-03-01 03:33:48', 1, 'p.esparza@bamf.com.mx', 1, NULL, 21, 1995),
(133, 103, 1, 13, '27f9a3', 2, 3, 1, '', '2016-03-01 23:31:10', 0, 'j.galvan@bamf.com.mx', 1, NULL, 12, 2330),
(134, 140, 1, 1, '353c5', 1, 49, 1, '', '2016-03-01 23:57:23', 0, 'v.salazar@bamf.com.mx', 1, NULL, 4, 340),
(135, 141, 1, 13, 'c5df64', 3, 4, 1, '', '2016-03-02 00:17:38', 0, 'j.galvan@bamf.com.mx', 1, NULL, 5, 470),
(136, 142, 1, 10, 'd14024', 45, 18, 1, '', '2016-03-02 01:48:41', 1, 'k.garcia@bamf.com.mx', 1, NULL, 7, 420),
(137, 143, 1, 10, '8b63f4', 23, 29, 1, '', '2016-03-02 01:53:56', 1, 'k.garcia@bamf.com.mx', 1, NULL, 7, 735),
(138, 145, 4, 19, '1e9c5', 23, 29, 3, '', '2016-03-02 02:21:10', 0, 'm.gamez@bamf.com.mx', 1, '', 2, 260),
(139, 146, 1, 10, 'bff7f5', 3, 42, 3, '', '2016-03-02 02:33:17', 0, 'm.gamez@bamf.com.mx', 1, NULL, 2, 260),
(140, 103, 1, 13, 'e0c1c', 1, 7, 1, '', '2016-03-03 03:03:06', 0, 'j.galvan@bamf.com.mx', 1, NULL, 0, NULL),
(141, 147, 1, 13, 'd9b6fa', 1, 7, 1, '', '2016-03-03 03:14:37', 0, 'j.galvan@bamf.com.mx', 1, NULL, 7, 490),
(142, 148, 30, 14, '6b4f36', 1, 7, 3, '', '2016-03-03 18:15:58', 0, 'm.gamez@bamf.com.mx', 1, NULL, 1, 130),
(143, 149, 1, 11, '33fb42', 40, 18, 1, '', '2016-03-08 03:57:55', 1, 'k.garcia@bamf.com.mx', 1, NULL, 55, 4579),
(144, 150, 1, 13, '8d04a6', 23, 29, 1, '', '2016-03-08 04:00:56', 0, 'v.salazar@bamf.com.mx', 1, NULL, 6, 420),
(145, 151, 17, 1, '8948a3', 1, 49, 1, '', '2016-03-08 04:04:28', 0, 'v.salazar@bamf.com.mx', 1, NULL, 8, 340),
(146, 107, 31, 10, '74c610', 45, 18, 1, '', '2016-03-08 04:52:57', 1, 'k.garcia@bamf.com.mx', 1, NULL, 67, 4232),
(147, 152, 32, 13, 'b1ebc1', 3, 4, 3, '', '2016-03-09 19:05:01', 0, 'j.galvan@bamf.com.mx', 1, NULL, 0, NULL),
(148, 153, 32, 6, 'b08e4c', 3, 42, 3, '', '2016-03-09 19:09:06', 0, 'j.galvan@bamf.com.mx', 1, NULL, 8, 1040),
(149, 154, 9, 15, 'daa667', 37, 18, 3, '', '2016-03-09 19:30:00', 0, 'm.gamez@bamf.com.mx', 1, NULL, 1, 130),
(150, 155, 1, 1, '4cdb07', 2, 3, 1, '', '2016-03-09 19:32:40', 0, 'j.galvan@bamf.com.mx', 1, NULL, 6, 1200),
(151, 34, 1, 13, '2a79dc', 9, 18, 1, '', '2016-03-11 05:00:34', 1, 'k.garcia@bamf.com.mx', 1, NULL, 59, 3498),
(152, 156, 4, 13, '9fde7c', 2, 3, 2, '', '2016-03-15 02:27:52', 0, 'j.galvan@bamf.com.mx', 1, NULL, 3, 600),
(153, 157, 1, 1, 'de6b4f', 23, 29, 1, '', '2016-03-15 02:32:25', 0, 'j.galvan@bamf.com.mx', 1, NULL, 4, 800),
(154, 72, 1, 13, '34d8ea', 3, 42, 1, '', '2016-03-15 02:37:43', 0, 'j.galvan@bamf.com.mx', 1, NULL, 0, 0),
(155, 160, 17, 1, '7a422e', 22, 64, 3, '', '2016-03-16 16:08:36', 0, 'm.gamez@bamf.com.mx', 1, NULL, 4, 340),
(156, 162, 1, 1, '1fa7c4', 1, 6, 1, '', '2016-03-16 16:21:32', 0, 'j.galvan@bamf.com.mx', 1, NULL, 0, NULL),
(157, 163, 1, 1, 'bdd04a', 1, 6, 1, '', '2016-03-16 16:27:44', 0, 'j.galvan@bamf.com.mx', 1, NULL, 2, 400),
(158, 138, 1, 10, '7bddfc', 1, 18, 1, '', '2016-03-16 16:31:58', 1, 'p.esparza@bamf.com.mx', 1, NULL, 13, 1235),
(159, 166, 1, 13, 'b3e02e', 23, 29, 1, '', '2016-03-16 16:34:03', 0, 'v.salazar@bamf.com.mx', 1, NULL, 11, 340),
(160, 167, 17, 5, 'fb434d', 1, 18, 3, '', '2016-03-16 16:38:09', 0, 'v.salazar@bamf.com.mx', 1, NULL, 2, 170),
(161, 169, 1, 1, '67a51f', 23, 29, 1, '', '2016-03-16 16:41:00', 0, 'j.galvan@bamf.com.mx', 1, NULL, 0, NULL),
(162, 170, 1, 13, '917b29', 3, 4, 1, '', '2016-03-16 16:46:13', 0, 'v.salazar@bamf.com.mx', 1, NULL, 1, 85),
(163, 171, 1, 10, 'efe20f', 45, 18, 1, '', '2016-03-16 16:49:48', 1, 'k.garcia@bamf.com.mx', 1, NULL, 6, 432),
(164, 173, 1, 13, '2a799', 3, 4, 1, '', '2016-03-16 17:01:34', 0, 'v.salazar@bamf.com.mx', 1, NULL, 6, 0),
(165, 174, 9, 10, '93e998', 33, 18, 2, '', '2016-03-16 17:06:03', 1, 'p.esparza@bamf.com.mx', 1, NULL, 4, 80),
(166, 175, 17, 1, '15506', 22, 64, 3, '', '2016-03-16 17:08:04', 0, 'm.gamez@bamf.com.mx', 1, NULL, 5, 1000),
(167, 177, 1, 13, 'a30789', 3, 4, 1, '', '2016-03-16 17:10:57', 0, 'j.galvan@bamf.com.mx', 1, NULL, 10, 420),
(168, 181, 1, 13, '72b2ed', 3, 4, 1, '', '2016-03-16 17:16:39', 0, 'v.salazar@bamf.com.mx', 1, NULL, 0, NULL),
(169, 182, 1, 13, '68aee4', 3, 42, 1, '', '2016-03-16 17:25:57', 0, 'j.galvan@bamf.com.mx', 1, NULL, 32, 880),
(170, 183, 1, 5, '16f96', 1, 6, 1, '', '2016-03-16 17:32:16', 0, 'j.galvan@bamf.com.mx', 1, NULL, 3, 600),
(171, 185, 1, 10, 'e65747', 9, 18, 1, '', '2016-03-16 17:53:47', 1, 'k.garcia@bamf.com.mx', 1, NULL, 21, 1927),
(172, 186, 1, 13, '2c4134', 3, 4, 1, '', '2016-03-16 18:06:43', 0, 'v.salazar@bamf.com.mx', 1, NULL, 5, 140),
(173, 187, 1, 13, '353f27', 3, 4, 1, '', '2016-03-16 18:20:21', 0, 'v.salazar@bamf.com.mx', 1, NULL, 1, 0),
(174, 188, 20, 18, '6fcbf4', 37, 50, 3, '', '2016-03-16 18:31:53', 0, 'j.galvan@bamf.com.mx', 1, NULL, 16, 2060),
(175, 34, 1, 13, '92ae51', 45, 18, 1, '', '2016-03-16 18:48:41', 1, 'k.garcia@bamf.com.mx', 1, NULL, 18, 1575),
(176, 37, 1, 10, '128df6', 45, 18, 1, '', '2016-03-16 18:52:19', 1, 'k.garcia@bamf.com.mx', 1, NULL, 19, 1995),
(177, 189, 9, 3, 'dd6162', 23, 29, 1, '', '2016-03-16 19:18:45', 1, 'h.ramirez@bamf.com.mx', 1, NULL, 3, 210),
(178, 34, 1, 13, '4ffe7b', 48, 65, 1, '', '2016-03-17 16:30:50', 0, 'j.galvan@bamf.com.mx', 1, NULL, 18, 2275),
(179, 190, 1, 13, 'ab4a5e', 23, 29, 1, '', '2016-03-23 21:29:32', 0, 'v.salazar@bamf.com.mx', 1, NULL, 4, 340),
(180, 192, 1, 13, 'a3b586', 23, 29, 1, '', '2016-03-23 21:37:56', 0, 'v.salazar@bamf.com.mx', 1, NULL, 7, 340),
(181, 193, 1, 10, '9378f2', 3, 42, 2, '', '2016-03-23 21:45:57', 0, 'j.galvan@bamf.com.mx', 1, NULL, 1, 70),
(182, 194, 1, 13, '3be54d', 49, 18, 1, '', '2016-03-23 21:55:39', 1, 'p.esparza@bamf.com.mx', 1, NULL, 5, 0),
(183, 196, 1, 10, '273a77', 3, 4, 1, '', '2016-03-30 01:36:54', 0, 'j.galvan@bamf.com.mx', 1, NULL, 3, 210),
(184, 190, 1, 13, 'd5bc87', 1, 6, 1, '', '2016-03-31 18:27:37', 0, 'j.galvan@bamf.com.mx', 1, NULL, 8, 210),
(185, 198, 1, 13, 'f955ef', 3, 4, 1, '', '2016-03-31 18:29:46', 0, 'j.galvan@bamf.com.mx', 1, NULL, 4, 0),
(186, 143, 9, 10, '3fb2c5', 27, 18, 1, '', '2016-03-31 18:32:32', 1, 'k.garcia@bamf.com.mx', 1, NULL, 16, 576),
(187, 199, 1, 10, '8287ac', 45, 18, 1, '', '2016-03-31 18:34:46', 1, 'k.garcia@bamf.com.mx', 1, NULL, 3, 0),
(188, 200, 1, 24, 'e64cca', 23, 29, 1, '', '2016-04-06 22:41:37', 1, 'k.garcia@bamf.com.mx', 1, NULL, 55, 4747),
(190, 202, 1, 3, 'd10848', 40, 18, 1, '', '2016-04-06 22:54:29', 1, 'd.alvarez@bamf.com.mx', 1, NULL, 14, 1255),
(191, 203, 1, 15, '3d900f', 27, 18, 1, '', '2016-04-06 23:04:04', 1, 'k.garcia@bamf.com.mx', 1, NULL, 10, 420),
(192, 204, 1, 10, '19c583', 45, 18, 1, '', '2016-04-06 23:05:17', 1, 'k.garcia@bamf.com.mx', 1, NULL, 12, 576),
(193, 205, 1, 1, '1d48b2', 2, 66, 1, '', '2016-04-06 23:07:33', 0, 'j.haro@bamf.com.mx', 1, NULL, 8, 1600),
(194, 201, 1, 1, '831992', 50, 67, 1, '', '2016-04-06 23:11:07', 0, 'v.salazar@bamf.com.mx', 1, NULL, 43, 2970),
(195, 206, 31, 3, 'cffa4d', 9, 18, 1, '', '2016-04-06 23:32:25', 1, 'k.garcia@bamf.com.mx', 1, NULL, 18, 1370),
(196, 207, 1, 3, '24d4a5', 9, 18, 1, '', '2016-04-06 23:34:48', 1, 'k.garcia@bamf.com.mx', 1, NULL, 1, 0),
(197, 208, 1, 10, 'c87955', 23, 29, 1, '', '2016-04-06 23:42:13', 0, 'v.salazar@bamf.com.mx', 1, NULL, 6, 0),
(198, 209, 1, 1, '8539f5', 1, 6, 1, '', '2016-04-08 16:28:20', 0, 'v.salazar@bamf.com.mx', 1, NULL, 21, 4200),
(199, 210, 1, 13, 'fae707', 23, 29, 1, '', '2016-04-08 16:29:39', 0, 'v.salazar@bamf.com.mx', 1, NULL, 1, 200),
(200, 211, 1, 13, '57fd5a', 23, 29, 1, '', '2016-04-08 16:35:14', 0, 'v.salazar@bamf.com.mx', 1, NULL, 4, 325),
(201, 212, 1, 1, '68f146', 23, 29, 1, '', '2016-04-08 16:37:36', 0, 'v.salazar@bamf.com.mx', 1, NULL, 8, 170),
(202, 213, 13, 13, '99f41', 23, 29, 1, '', '2016-04-08 16:40:20', 0, 'v.salazar@bamf.com.mx', 1, NULL, 9, 0),
(203, 214, 23, 10, 'fabbc8', 3, 18, 1, '', '2016-04-08 16:45:15', 0, 'j.galvan@bamf.com.mx', 1, NULL, 6, 810),
(204, 215, 1, 3, '30b7c', 9, 18, 1, '', '2016-04-08 17:34:21', 1, 'k.garcia@bamf.com.mx', 1, NULL, 98, 6884),
(205, 216, 1, 13, 'a97a9b', 1, 6, 1, '', '2016-04-08 17:36:15', 0, 'j.galvan@bamf.com.mx', 1, NULL, 12, 1360),
(206, 217, 6, 13, '5a4876', 3, 4, 1, '', '2016-04-08 17:43:14', 0, 'j.galvan@bamf.com.mx', 1, NULL, 3, 140),
(207, 218, 4, 13, '1a29e4', 3, 42, 1, '', '2016-04-08 17:45:13', 0, 'j.galvan@bamf.com.mx', 1, NULL, 2, 140),
(208, 221, 1, 13, 'aee10c', 3, 4, 1, '', '2016-04-08 19:42:48', 0, 'j.galvan@bamf.com.mx', 1, NULL, 3, 0),
(209, 223, 1, 13, 'd56bcf', 3, 4, 1, '', '2016-04-11 23:38:17', 0, 'j.galvan@bamf.com.mx', 1, NULL, 2, 70),
(210, 225, 1, 13, '139ad1', 3, 4, 1, '', '2016-04-11 23:41:57', 0, 'j.galvan@bamf.com.mx', 1, NULL, 3, 70),
(211, 226, 1, 13, 'd74164', 3, 4, 1, '', '2016-04-12 00:00:47', 0, 'j.galvan@bamf.com.mx', 1, NULL, 8, 70),
(212, 227, 1, 13, 'cb0c14', 47, 18, 1, '', '2016-04-12 00:42:46', 1, 'd.alvarez@bamf.com.mx', 1, NULL, 3, 216),
(213, 231, 1, 13, 'a4b742', 9, 18, 1, '', '2016-04-12 00:47:49', 1, 'k.garcia@bamf.com.mx', 1, NULL, 1, 0),
(214, 232, 1, 14, '84cf6d', 23, 29, 1, '', '2016-04-12 00:58:10', 0, 'v.salazar@bamf.com.mx', 1, NULL, 7, 775),
(215, 233, 1, 18, '7c6f8f', 37, 18, 1, '', '2016-04-21 01:41:29', 0, 'j.galvan@bamf.com.mx', 1, NULL, 0, NULL),
(216, 234, 1, 10, '2ae58d', 52, 70, 1, '', '2016-04-21 01:43:49', 1, 'd.alvarez@bamf.com.mx', 1, NULL, 13, 648),
(217, 235, 13, 10, '748a2a', 53, 18, 1, '', '2016-04-21 01:45:35', 0, 'j.galvan@bamf.com.mx', 1, NULL, 12, 490),
(218, 236, 1, 3, 'a89617', 45, 18, 1, '', '2016-04-21 01:46:57', 1, 'k.garcia@bamf.com.mx', 1, NULL, 11, 410),
(219, 237, 1, 3, 'a61e7a', 23, 29, 1, '', '2016-04-21 01:48:09', 1, 'k.garcia@bamf.com.mx', 1, NULL, 0, NULL),
(220, 237, 1, 3, '2f0022', 23, 29, 1, '', '2016-04-21 01:48:09', 1, 'k.garcia@bamf.com.mx', 1, NULL, 10, 0),
(221, 237, 1, 3, '403902', 45, 18, 1, '', '2016-04-21 01:48:58', 1, 'k.garcia@bamf.com.mx', 1, NULL, 17, 0),
(222, 236, 1, 3, '73c5f6', 23, 29, 1, '', '2016-04-21 01:49:37', 1, 'k.garcia@bamf.com.mx', 1, NULL, 12, 0),
(223, 238, 1, 13, '23a524', 3, 4, 1, '', '2016-04-21 02:22:48', 0, 'j.galvan@bamf.com.mx', 1, NULL, 0, NULL),
(224, 239, 1, 13, '3d03bc', 3, 4, 1, '', '2016-04-21 02:23:57', 0, 'j.galvan@bamf.com.mx', 1, NULL, 3, 210),
(225, 240, 1, 13, '3b4f25', 3, 4, 1, '', '2016-04-21 02:24:58', 0, 'j.galvan@bamf.com.mx', 1, NULL, 6, 0),
(226, 241, 1, 13, '9764a4', 3, 4, 1, '', '2016-04-21 02:26:03', 0, 'j.galvan@bamf.com.mx', 1, NULL, 9, 510),
(227, 242, 1, 13, '3e1f3a', 3, 4, 1, '', '2016-04-21 02:26:55', 0, 'j.galvan@bamf.com.mx', 1, NULL, 0, NULL),
(228, 244, 1, 13, 'cd377', 3, 4, 1, '', '2016-04-21 02:28:18', 0, 'j.galvan@bamf.com.mx', 1, NULL, 1, 0),
(229, 245, 1, 13, '730a66', 3, 4, 1, '', '2016-04-21 02:29:30', 0, 'j.galvan@bamf.com.mx', 1, NULL, 0, NULL),
(230, 246, 4, 13, '8ee21d', 3, 4, 1, '', '2016-04-21 02:54:02', 0, 'j.haro@bamf.com.mx', 1, NULL, 0, 0),
(231, 247, 1, 13, '32ad84', 23, 29, 1, '', '2016-04-21 02:56:01', 0, 'v.salazar@bamf.com.mx', 1, NULL, 1, 70),
(232, 248, 1, 11, 'c0df5e', 51, 18, 1, '', '2016-04-21 03:48:29', 1, 'k.garcia@bamf.com.mx', 1, NULL, 17, 852),
(233, 250, 1, 4, '8124dd', 1, 71, 1, '', '2016-04-21 04:05:33', 1, 'k.garcia@bamf.com.mx', 1, NULL, 5, 360),
(234, 251, 33, 15, '83f4d', 45, 18, 1, '', '2016-04-21 04:12:19', 1, 'k.garcia@bamf.com.mx', 1, NULL, 14, 1190),
(235, 252, 1, 13, 'aea199', 1, 18, 1, '', '2016-04-21 04:20:53', 1, 'p.esparza@bamf.com.mx', 1, NULL, 4, 0),
(236, 253, 1, 13, '2ddf1e', 13, 18, 1, '', '2016-04-21 04:22:08', 1, 'p.esparza@bamf.com.mx', 1, NULL, 3, 0),
(237, 254, 1, 11, 'a2797a', 45, 18, 1, '', '2016-04-21 04:34:33', 1, 'k.garcia@bamf.com.mx', 1, NULL, 9, 0),
(238, 255, 4, 13, 'a355bd', 3, 4, 2, '', '2016-04-22 15:19:42', 0, 'j.galvan@bamf.com.mx', 1, NULL, 3, 0);

-- --------------------------------------------------------

--
-- Estructura de tabla para la tabla `tipoproyecto`
--

CREATE TABLE `tipoproyecto` (
  `idTipoProyecto` int(30) UNSIGNED NOT NULL,
  `tipoProyecto` varchar(255) COLLATE latin1_spanish_ci NOT NULL COMMENT 'tipo de Proyectos'
) ENGINE=InnoDB DEFAULT CHARSET=latin1 COLLATE=latin1_spanish_ci;

--
-- Volcado de datos para la tabla `tipoproyecto`
--

INSERT INTO `tipoproyecto` (`idTipoProyecto`, `tipoProyecto`) VALUES
(22, 'Brochure sencillo '),
(13, 'Diseno de POP'),
(12, 'Diseno de POP y RS'),
(1, 'Diseño de empaque'),
(24, 'Estrategia'),
(11, 'Identidad corporativa '),
(9, 'Infografia'),
(18, 'Interno'),
(16, 'Logo de marca'),
(15, 'Material corporativo '),
(10, 'Material de comunicacion'),
(19, 'Material para produccion'),
(7, 'Newsletter'),
(17, 'OUT'),
(3, 'Página Web'),
(14, 'Plano mecanico'),
(6, 'POP'),
(4, 'Presentación'),
(8, 'Rediseno de Marca'),
(5, 'Rediseño de empaque'),
(21, 'Video Motion Graphic '),
(20, 'Video Moution Graphic ');

-- --------------------------------------------------------

--
-- Estructura de tabla para la tabla `tipousuario`
--

CREATE TABLE `tipousuario` (
  `idtipoUsuario` int(10) UNSIGNED NOT NULL,
  `tipoUsuario` varchar(20) COLLATE latin1_spanish_ci DEFAULT NULL
) ENGINE=InnoDB DEFAULT CHARSET=latin1 COLLATE=latin1_spanish_ci;

--
-- Volcado de datos para la tabla `tipousuario`
--

INSERT INTO `tipousuario` (`idtipoUsuario`, `tipoUsuario`) VALUES
(1, 'Admin'),
(2, 'Jefe'),
(3, 'Diseñador'),
(5, 'Programador');

-- --------------------------------------------------------

--
-- Estructura de tabla para la tabla `usuario`
--

CREATE TABLE `usuario` (
  `correoElectronico` varchar(255) COLLATE latin1_spanish_ci NOT NULL,
  `idtipoUsuario` int(10) UNSIGNED NOT NULL,
  `nombre` varchar(255) COLLATE latin1_spanish_ci NOT NULL,
  `apellidoP` varchar(255) COLLATE latin1_spanish_ci NOT NULL,
  `apellidoM` varchar(255) COLLATE latin1_spanish_ci NOT NULL,
  `contrasena` varchar(255) COLLATE latin1_spanish_ci NOT NULL,
  `foto` varchar(255) COLLATE latin1_spanish_ci DEFAULT NULL,
  `activo` int(10) UNSIGNED NOT NULL DEFAULT '0'
) ENGINE=InnoDB DEFAULT CHARSET=latin1 COLLATE=latin1_spanish_ci;

--
-- Volcado de datos para la tabla `usuario`
--

INSERT INTO `usuario` (`correoElectronico`, `idtipoUsuario`, `nombre`, `apellidoP`, `apellidoM`, `contrasena`, `foto`, `activo`) VALUES
('84rami@gmail.com', 2, 'Admin', '', '', '25d55ad283aa400af464c76d713c07ad', 'assets/img/USER.jpg', 1),
('a.chicurel@bamf.com.mx', 3, 'Aline', 'Chicurel', '', '6fdb591682a4d1a2217759c80ad66111', 'assets/img/USER.jpg', 1),
('a.serrano@bamf.com.mx', 2, 'Antonio', 'Serrano', '', '0e4371c1dba2a9dbec40445972ab95dc', 'assets/img/USER.jpg', 1),
('c.carrillo@bamf.com.mx', 3, 'Carlos Humberto', 'Carrillo', '', '25d55ad283aa400af464c76d713c07ad', 'assets/img/USER.jpg', 1),
('c.muniain@bamf.com.mx', 3, 'Carlota', 'Muniain', '', '3db2ecab309cf9bb84d3a1e6d65f7567', 'assets/img/USER.jpg', 1),
('coordinacion@bamf.com.mx', 1, 'Liriam', 'Correa', '', 'd2364eb3bc1a2d6b0c1bd81dfe5ecb66', 'assets/img/USER.jpg', 1),
('d.alvarez@bamf.com.mx', 3, 'Daniela', 'Alvarez', '', '25d55ad283aa400af464c76d713c07ad', 'assets/img/USER.jpg', 1),
('h.ramirez@bamf.com.mx', 5, 'Hugo Israel', 'Ramirez', 'Soto', '247447787463ca4720f19b402336fef2', 'assets/img/USER.jpg', 1),
('j.galvan@bamf.com.mx', 3, 'Jaime', 'Galvan', '', '25d55ad283aa400af464c76d713c07ad', 'assets/img/USER.jpg', 1),
('j.haro@bamf.com.mx', 3, 'Jaime', 'Haro', 'Mota', '97277c5c9f61653e4674ff28915db12a', 'assets/img/USER.jpg', 1),
('jp.reverter@bamf.com.mx', 2, 'Juan Pablo', 'Reverter', '', '25d55ad283aa400af464c76d713c07ad', 'assets/img/USER.jpg', 1),
('k.garcia@bamf.com.mx', 3, 'Karen', 'Garcia', '', '13dcfb864c06a038fa9a8fcaf5344f5f', 'usuarios/admin/fotoDeKaren.jpg', 1),
('m.aparicio@bamf.com.mx', 5, 'Magali', 'Aparicio', '', '25d55ad283aa400af464c76d713c07ad', 'assets/img/USER.jpg', 1),
('m.gamez@bamf.com.mx', 3, 'Mauricio', 'Gamez', '', '01264d45399ed873030d46f91039db25', 'assets/img/USER.jpg', 1),
('p.esparza@bamf.com.mx', 3, 'Paul', 'Esparza', '', '25d55ad283aa400af464c76d713c07ad', 'usuarios/admin/fotoDePaul.jpg', 1),
('r.cuello@bamf.com.mx', 3, 'Raul ', 'Cuello ', 'Reyes', '27449b12bf7a7ae39999a29cdcd899a8', 'assets/img/USER.jpg', 1),
('r.rodriguez@bamf.com.mx', 3, 'Rosaluz', 'Rodriguez', '', '29774519d0537ad973e805247a1e4ba7', 'assets/img/USER.jpg', 1),
('rp@bamf.com.mx', 1, 'Ana', 'Cortés', '', 'e2a5c9982c47087b753636115140128b', 'assets/img/USER.jpg', 1),
('s.malvaez@bamf.com.mx', 3, 'Simon', 'Malvaez', '', '966a7abdf5fa5eb3d4241e9cb4d3e562', 'usuarios/admin/fotoDeSimon.jpg', 1),
('v.fleitas@bamf.com.mx', 3, 'vika', 'Fleitas', 'Campamar', '059c2a72f332d9ab367492e0268fb757', 'assets/img/USER.jpg', 1),
('v.salazar@bamf.com.mx', 3, 'Viridiana', 'Salazar', '', '358cbd17a20db94a03fb9a1f2ba4c864', 'assets/img/USER.jpg', 1);

--
-- Índices para tablas volcadas
--

--
-- Indices de la tabla `actividadproyecto`
--
ALTER TABLE `actividadproyecto`
  ADD PRIMARY KEY (`idActividadProyecto`),
  ADD UNIQUE KEY `actividadProyecto` (`actividadProyecto`);

--
-- Indices de la tabla `disenador`
--
ALTER TABLE `disenador`
  ADD PRIMARY KEY (`idDisenador`),
  ADD UNIQUE KEY `correoElectronico` (`correoElectronico`);

--
-- Indices de la tabla `etapa`
--
ALTER TABLE `etapa`
  ADD PRIMARY KEY (`idEtapa`);

--
-- Indices de la tabla `marcacliente`
--
ALTER TABLE `marcacliente`
  ADD PRIMARY KEY (`idMarcaCliente`),
  ADD UNIQUE KEY `marcaCliente` (`marcaCliente`);

--
-- Indices de la tabla `nombrecliente`
--
ALTER TABLE `nombrecliente`
  ADD PRIMARY KEY (`idNombreCliente`),
  ADD UNIQUE KEY `nombreCliente` (`nombreCliente`);

--
-- Indices de la tabla `nombreproyecto`
--
ALTER TABLE `nombreproyecto`
  ADD PRIMARY KEY (`idNombreProyecto`),
  ADD UNIQUE KEY `nombreProyecto` (`nombreProyecto`);

--
-- Indices de la tabla `participantes`
--
ALTER TABLE `participantes`
  ADD PRIMARY KEY (`idEvento`),
  ADD KEY `idProyecto` (`idProyecto`,`correoElectronico`),
  ADD KEY `correoElectronico` (`correoElectronico`),
  ADD KEY `idEtapa` (`idEtapa`);

--
-- Indices de la tabla `programador`
--
ALTER TABLE `programador`
  ADD PRIMARY KEY (`idProgramador`),
  ADD UNIQUE KEY `correoElectronico` (`correoElectronico`);

--
-- Indices de la tabla `proyecto`
--
ALTER TABLE `proyecto`
  ADD PRIMARY KEY (`idProyecto`),
  ADD KEY `tipoProyecto` (`tipoProyecto`,`liderProyecto`),
  ADD KEY `liderProyecto` (`liderProyecto`),
  ADD KEY `actividadProyecto` (`actividadProyecto`),
  ADD KEY `nombreProyecto` (`nombreProyecto`),
  ADD KEY `nombreCliente` (`nombreCliente`),
  ADD KEY `marcaCliente` (`marcaCliente`),
  ADD KEY `idEtapa` (`idEtapa`);

--
-- Indices de la tabla `tipoproyecto`
--
ALTER TABLE `tipoproyecto`
  ADD PRIMARY KEY (`idTipoProyecto`),
  ADD UNIQUE KEY `tipoProyecto` (`tipoProyecto`);

--
-- Indices de la tabla `tipousuario`
--
ALTER TABLE `tipousuario`
  ADD PRIMARY KEY (`idtipoUsuario`);

--
-- Indices de la tabla `usuario`
--
ALTER TABLE `usuario`
  ADD PRIMARY KEY (`correoElectronico`),
  ADD KEY `idtipoUsuario` (`idtipoUsuario`);

--
-- AUTO_INCREMENT de las tablas volcadas
--

--
-- AUTO_INCREMENT de la tabla `actividadproyecto`
--
ALTER TABLE `actividadproyecto`
  MODIFY `idActividadProyecto` int(50) UNSIGNED NOT NULL AUTO_INCREMENT, AUTO_INCREMENT=34;
--
-- AUTO_INCREMENT de la tabla `disenador`
--
ALTER TABLE `disenador`
  MODIFY `idDisenador` int(30) UNSIGNED NOT NULL AUTO_INCREMENT, AUTO_INCREMENT=17;
--
-- AUTO_INCREMENT de la tabla `etapa`
--
ALTER TABLE `etapa`
  MODIFY `idEtapa` int(11) UNSIGNED NOT NULL AUTO_INCREMENT, AUTO_INCREMENT=4;
--
-- AUTO_INCREMENT de la tabla `marcacliente`
--
ALTER TABLE `marcacliente`
  MODIFY `idMarcaCliente` int(50) UNSIGNED NOT NULL AUTO_INCREMENT, AUTO_INCREMENT=72;
--
-- AUTO_INCREMENT de la tabla `nombrecliente`
--
ALTER TABLE `nombrecliente`
  MODIFY `idNombreCliente` int(50) UNSIGNED NOT NULL AUTO_INCREMENT, AUTO_INCREMENT=54;
--
-- AUTO_INCREMENT de la tabla `nombreproyecto`
--
ALTER TABLE `nombreproyecto`
  MODIFY `idNombreProyecto` int(50) UNSIGNED NOT NULL AUTO_INCREMENT, AUTO_INCREMENT=256;
--
-- AUTO_INCREMENT de la tabla `participantes`
--
ALTER TABLE `participantes`
  MODIFY `idEvento` int(11) UNSIGNED NOT NULL AUTO_INCREMENT, AUTO_INCREMENT=1494;
--
-- AUTO_INCREMENT de la tabla `programador`
--
ALTER TABLE `programador`
  MODIFY `idProgramador` int(30) UNSIGNED NOT NULL AUTO_INCREMENT, AUTO_INCREMENT=3;
--
-- AUTO_INCREMENT de la tabla `proyecto`
--
ALTER TABLE `proyecto`
  MODIFY `idProyecto` int(30) UNSIGNED NOT NULL AUTO_INCREMENT, AUTO_INCREMENT=239;
--
-- AUTO_INCREMENT de la tabla `tipoproyecto`
--
ALTER TABLE `tipoproyecto`
  MODIFY `idTipoProyecto` int(30) UNSIGNED NOT NULL AUTO_INCREMENT, AUTO_INCREMENT=25;
--
-- AUTO_INCREMENT de la tabla `tipousuario`
--
ALTER TABLE `tipousuario`
  MODIFY `idtipoUsuario` int(10) UNSIGNED NOT NULL AUTO_INCREMENT, AUTO_INCREMENT=6;
--
-- Restricciones para tablas volcadas
--

--
-- Filtros para la tabla `disenador`
--
ALTER TABLE `disenador`
  ADD CONSTRAINT `disenador_ibfk_1` FOREIGN KEY (`correoElectronico`) REFERENCES `usuario` (`correoElectronico`) ON DELETE CASCADE ON UPDATE CASCADE;

--
-- Filtros para la tabla `participantes`
--
ALTER TABLE `participantes`
  ADD CONSTRAINT `participantes_ibfk_2` FOREIGN KEY (`correoElectronico`) REFERENCES `usuario` (`correoElectronico`) ON DELETE CASCADE ON UPDATE CASCADE,
  ADD CONSTRAINT `participantes_ibfk_3` FOREIGN KEY (`idProyecto`) REFERENCES `proyecto` (`idProyecto`) ON DELETE CASCADE ON UPDATE CASCADE,
  ADD CONSTRAINT `participantes_ibfk_4` FOREIGN KEY (`idEtapa`) REFERENCES `etapa` (`idEtapa`) ON DELETE CASCADE ON UPDATE CASCADE;

--
-- Filtros para la tabla `programador`
--
ALTER TABLE `programador`
  ADD CONSTRAINT `programador_ibfk_1` FOREIGN KEY (`correoElectronico`) REFERENCES `usuario` (`correoElectronico`) ON DELETE CASCADE ON UPDATE CASCADE;

--
-- Filtros para la tabla `proyecto`
--
ALTER TABLE `proyecto`
  ADD CONSTRAINT `proyecto_ibfk_1` FOREIGN KEY (`tipoProyecto`) REFERENCES `tipoproyecto` (`idTipoProyecto`) ON DELETE CASCADE ON UPDATE CASCADE,
  ADD CONSTRAINT `proyecto_ibfk_2` FOREIGN KEY (`liderProyecto`) REFERENCES `usuario` (`correoElectronico`) ON DELETE CASCADE ON UPDATE CASCADE,
  ADD CONSTRAINT `proyecto_ibfk_3` FOREIGN KEY (`actividadProyecto`) REFERENCES `actividadproyecto` (`idActividadProyecto`) ON DELETE CASCADE ON UPDATE CASCADE,
  ADD CONSTRAINT `proyecto_ibfk_4` FOREIGN KEY (`nombreProyecto`) REFERENCES `nombreproyecto` (`idNombreProyecto`) ON DELETE CASCADE ON UPDATE CASCADE,
  ADD CONSTRAINT `proyecto_ibfk_5` FOREIGN KEY (`nombreCliente`) REFERENCES `nombrecliente` (`idNombreCliente`) ON DELETE CASCADE ON UPDATE CASCADE,
  ADD CONSTRAINT `proyecto_ibfk_6` FOREIGN KEY (`marcaCliente`) REFERENCES `marcacliente` (`idMarcaCliente`) ON DELETE CASCADE ON UPDATE CASCADE;

--
-- Filtros para la tabla `usuario`
--
ALTER TABLE `usuario`
  ADD CONSTRAINT `usuario_ibfk_1` FOREIGN KEY (`idtipoUsuario`) REFERENCES `tipousuario` (`idtipoUsuario`) ON DELETE CASCADE ON UPDATE CASCADE;

/*!40101 SET CHARACTER_SET_CLIENT=@OLD_CHARACTER_SET_CLIENT */;
/*!40101 SET CHARACTER_SET_RESULTS=@OLD_CHARACTER_SET_RESULTS */;
/*!40101 SET COLLATION_CONNECTION=@OLD_COLLATION_CONNECTION */;
